Workbook
Name NFL_Teams: 'Week-by-Week Games Table (2)'!$Q$2:$R$34

Sheet Standings
A1: POS | B1: Participant | C1: Score
A2: =RANK(C2,C:C) -> 1 | B2: Carrie | C2: =main!AG85 -> 13
A3: =RANK(C3,C:C) -> 2 | B3: Shelley | C3: =main!AG40 -> 11
A4: =RANK(C4,C:C) -> 2 | B4: John | C4: =main!AG130 -> 11
A5: =RANK(C5,C:C) -> 2 | B5: Zack | C5: =main!AG144 -> 11
A6: =RANK(C6,C:C) -> 5 | B6: Brian | C6: =main!AG42 -> 10
A7: =RANK(C7,C:C) -> 5 | B7: William | C7: =main!AG138 -> 10
A8: =RANK(C8,C:C) -> 5 | B8: Kyle | C8: =main!AG93 -> 10
A9: =RANK(C9,C:C) -> 8 | B9: Lisa B | C9: =main!AG128 -> 9
A10: =RANK(C10,C:C) -> 8 | B10: Colby | C10: =main!AG36 -> 9
A11: =RANK(C11,C:C) -> 8 | B11: Dave C | C11: =main!AG95 -> 9
A12: =RANK(C12,C:C) -> 8 | B12: Lori Lynn | C12: =main!AG30 -> 9
A13: =RANK(C13,C:C) -> 8 | B13: Kaleb | C13: =main!AG89 -> 9
A14: =RANK(C14,C:C) -> 8 | B14: Red Wing | C14: =main!AG136 -> 9
A15: =RANK(C15,C:C) -> 8 | B15: Grant | C15: =main!AG142 -> 9
A16: =RANK(C16,C:C) -> 15 | B16: SJay | C16: =main!AG32 -> 8
A17: =RANK(C17,C:C) -> 15 | B17: Frank | C17: =main!AG81 -> 8
A18: =RANK(C18,C:C) -> 15 | B18: Forrest | C18: =main!AG132 -> 8
A19: =RANK(C19,C:C) -> 15 | B19: Jesse | C19: =main!AG134 -> 8
A20: =RANK(C20,C:C) -> 15 | B20: Boots | C20: =main!AG34 -> 8
A21: =RANK(C21,C:C) -> 15 | B21: Tom | C21: =main!AG46 -> 8
A22: =RANK(C22,C:C) -> 15 | B22: Karen | C22: =main!AG48 -> 8
A23: =RANK(C23,C:C) -> 15 | B23: Al | C23: =main!AG87 -> 8
A24: =RANK(C24,C:C) -> 23 | B24: Theresa | C24: =main!AG97 -> 7
A25: =RANK(C25,C:C) -> 23 | B25: Tom C | C25: =main!AG83 -> 7
A26: =RANK(C26,C:C) -> 23 | B26: Robyn | C26: =main!AG91 -> 7
A27: =RANK(C27,C:C) -> 23 | B27: Joe | C27: =main!AG140 -> 7
A28: =RANK(C28,C:C) -> 23 | B28: Bloomers | C28: =main!AG44 -> 7
A29: =RANK(C29,C:C) -> 23 | B29: Chrissy | C29: =main!AG146 -> 7
A30: =RANK(C30,C:C) -> 29 | B30: Me | C30: =main!AG38 -> 6
A31: =RANK(C31,C:C) -> 30 | B31: Denise | C31: =main!AG79 -> 5

Sheet Scenarios
A1: SCENARIOS
B4: kc over philly
B5: 51 points 4-way tie | C5: lori lynn | D5: kaleb | E5: sjay | F5: red wing
B7: philly over kc
B8: 52 al | C8: 51 lori lynn/kaleb

Sheet Payouts
A1: 2025 payouts | B1: 180 pot | D1: 2026 | E1: paid/owed | F1: mailers | G1: form of payment | H1: delivery | I1: covering | J1: mailers | K1: notes | L1: address | M1: City | N1: Zip
A2: Al | B2: =PRODUCT(180,0.6) -> 108 | D2: Lori Lynn | E2: 12 | F2: 2 | G2: check | H2: mail | I2: - | J2: 1 | L2: P.O. Box 715 | M2: Warrenton | N2: 97146
A3: 2nd split | B3: =PRODUCT(180,0.4) -> 72 | D3: SJay | E3: 20 | G3: cash | H3: person | I3: Boots
A4: Lori Lynn / Kaleb | B4: =PRODUCT(72,0.5) -> 36 | D4: Colby | E4: 12 | F4: 2 | G4: check | H4: mail | I4: - | J4: 1
D5: Tom H | E5: 22 | F5: 2 | G5: cash | H5: mail | I5: Karen | J5: 1 | L5: 3112 89th St. NW | M5: Gig Harbor | N5: 98332-2123
D6: Brian | E6: 24 | F6: 4 | G6: check | H6: mail | I6: Shelley | J6: 2
D7: Norma Jean | E7: 15 | F7: 2 | G7: check | H7: mail | I7: - | J7: 1
D8: Denise | E8: 12 | F8: 2 | G8: cash | H8: mail | I8: - | J8: 1 | L8: 39873 Vista Rd | M8: Hemet | N8: 92543
D9: Frank | E9: 12 | F9: 2 | G9: cash | H9: person | I9: - | J9: 1
D10: Tom | E10: 20 | G10: cash | H10: person (David) | I10: Carrie | J10: 2
D11: Al | E11: 42 | F11: 2 | G11: check | H11: mail | I11: Kaleb Robyn Kyle | J11: 1 | L11: 800 NE E St. | M11: Willamina | N11: 97396-2722
D12: David | E12: 20 | G12: cash | H12: person | I12: Theresa | J12: 2
D13: Roberta | E13: 22 | F13: 2 | G13: check | H13: mail | I13: William | J13: 1 | L13: 8605 SW Rogue Ln | M13: Wilsonville | N13: 97070
D14: Forest | E14: 24 | F14: 4 | I14: Jesse | J14: 1 | L14: 896 SE 40th Ave | M14: Hillsboro | N14: 97123
D15: Lisa Brelinski | E15: 22 | F15: 2 | G15: check | I15: John | J15: 1 | L15: 8129 SE 141st Ave. | M15: Portland | N15: 97236
D16: Me | E16: 10 | G16: cash
D17: Joe | E17: 10 | G17: cash | H17: person | J17: 1
D18: Grant | E18: 32 | F18: 2 | G18: venmo | I18: zack/chrissy | J18: 1 | L18: 5095 Territorial Dr. | M18: West Linn | N18: 97068-3352
E19: =SUM(E2:E18) -> 331 | F19: =SUM(F2:F18) -> 28 | J19: =SUM(J2:J18) -> 18
E21: 300 savings | F21: 28 checking
E23: have 273 | F23: owed 24
F26: put 26 in checking
F27: 300 in savings

Sheet main
A2: Name | D2: SEPT | I2: OCT | N2: NOV | T2: DEC | X2: JAN | Z2: Totals
B3: 4 | C3: 5 | D3: 8 | E3: 14 | F3: 22 | G3: 29 | H3: 5 | I3: 12 | J3: 20 | K3: 26 | L3: 2 | M3: 9 | N3: 13 | O3: 23 | P3: 27 | Q3: 27 | R3: 7 | S3: 11 | T3: 18 | U3: 21 | V3: 25 | W3: tbd | X3: tbd | Y3: tbd
A4: Gm# | B4: 1 | C4: 2 | D4: 3 | E4: 4 | F4: 5 | G4: 6 | H4: 7 | I4: 8 | J4: 9 | K4: 10 | L4: 11 | M4: 12 | N4: 13 | O4: 14 | P4: 15 | Q4: 16 | R4: 17 | S4: 18 | T4: 19 | U4: 20 | V4: 21 | W4: 22 | X4: 23 | Y4: 24
A5: Lori Lynn | B5: PHI | C5: KC | D5: MIN | E5: LAR | F5: BAL | G5: DEN | H5: IND | I5: PIT | J5: HOU | K5: TB | L5: NYG | M5: BUF | N5: NYJ | O5: JAX | P5: DET | Q5: KC | R5: PIT | S5: TB | T5: LAR | U5: TB | V5: DAL | W5: DEN | X5: JAX | Y5: SEA | Z5: =SUM(B6:Y6) -> 9
B6: =IF(B25="Philadelphia Eagles",1,0) -> 1 | C6: =IF(C25="Kansas City Chiefs",1,0) -> 0 | D6: =IF(D25="Minnesota Vikings",1,0) -> 1 | E6: =IF(E25="Los Angeles Rams",1,0) -> 1 | F6: =IF(F25="Baltimore Ravens",1,0) -> 0 | G6: =IF(G25="Denver Broncos",1,0) -> 1 | H6: =IF(H25="Indianapolis Colts",1,0) -> 1 | I6: =IF(I25="Pittsburgh Steelers",1,0) -> 1 | J6: =IF(J25="Houston Texans",1,0) -> 0 | K6: =IF(K25="Tampa Bay Buccaneers",1,0) -> 1 | L6: =IF(L25="New York Giants",1,0) -> 0 | M6: =IF(M25="Buffalo Bills",1,0) -> 0 | N6: =IF(N25="New York Jets",1,0) -> 0 | O6: =IF(O25="Jacksonville Jaguars",1,0) -> 1 | P6: =IF(P25="Detroit Lions",1,0) -> 0 | Q6: =IF(Q25="Kansas City Chiefs",1,0) -> 0 | R6: =IF(R25="Pittsburgh Steelers",1,0) -> 1 | S6: =IF(S25="Tampa Bay Buccaneers",1,0) -> 0 | T6: =IF(T25="Los Angeles Rams",1,0) -> 0 | U6: =IF(U25="Tampa Bay Buccaneers",1,0) -> 0 | V6: =IF(V25="Dallas Cowboys",1,0) -> 0 | W6: =IF(W25="Denver Broncos",1,0) -> 0 | X6: =IF(X25="Jacksonville Jaguars",1,0) -> 0 | Y6: =IF(Y25="Seattle Seahawks",1,0) -> 0
A7: SJay | B7: PHI | C7: LAC | D7: CHI | E7: LAR | F7: BAL | G7: DEN | H7: IND | I7: PIT | J7: HOU | K7: TB | L7: NYG | M7: BUF | N7: NE | O7: ARI | P7: DET | Q7: KC | R7: BAL | S7: TB | T7: LAR | U7: TB | V7: WAS | W7: DEN | X7: TEN | Y7: SF | Z7: =SUM(B8:Y8) -> 8
B8: =IF(B25="Philadelphia Eagles",1,0) -> 1 | C8: =IF(C25="Los Angeles Chargers",1,0) -> 1 | D8: =IF(D25="Chicago Bears",1,0) -> 0 | E8: =IF(E25="Los Angeles Rams",1,0) -> 1 | F8: =IF(F25="Baltimore Ravens",1,0) -> 0 | G8: =IF(G25="Denver Broncos",1,0) -> 1 | H8: =IF(H25="Indianapolis Colts",1,0) -> 1 | I8: =IF(I25="Pittsburgh Steelers",1,0) -> 1 | J8: =IF(J25="Houston Texans",1,0) -> 0 | K8: =IF(K25="Tampa Bay Buccaneers",1,0) -> 1 | L8: =IF(L25="New York Giants",1,0) -> 0 | M8: =IF(M25="Buffalo Bills",1,0) -> 0 | N8: =IF(N25="New England Patriots",1,0) -> 1 | O8: =IF(O25="Arizona Cardinals",1,0) -> 0 | P8: =IF(P25="Detroit Lions",1,0) -> 0 | Q8: =IF(Q25="Kansas City Chiefs",1,0) -> 0 | R8: =IF(R25="Baltimore Ravens",1,0) -> 0 | S8: =IF(S25="Tampa Bay Buccaneers",1,0) -> 0 | T8: =IF(T25="Los Angeles Rams",1,0) -> 0 | U8: =IF(U25="Tampa Bay Buccaneers",1,0) -> 0 | V8: =IF(V25="Washington Commanders",1,0) -> 0 | W8: =IF(W25="Denver Broncos",1,0) -> 0 | X8: =IF(X25="Tennessee Titans",1,0) -> 0 | Y8: =IF(Y25="San Francisco 49ers",1,0) -> 0
A9: Boots | B9: PHI | C9: LAC | D9: CHI | E9: TEN | F9: BAL | G9: DEN | H9: IND | I9: PIT | J9: HOU | K9: TB | L9: NYG | M9: BUF | N9: NE | O9: ARI | P9: GB | Q9: KC | R9: BAL | S9: TB | T9: LAR | U9: TB | V9: DAL | W9: DEN | X9: TEN | Y9: SF | Z9: =SUM(B10:Y10) -> 8
B10: =IF(B25="Philadelphia Eagles",1,0) -> 1 | C10: =IF(C25="Los Angeles Chargers",1,0) -> 1 | D10: =IF(D25="Chicago Bears",1,0) -> 0 | E10: =IF(E25="Tennessee Titans",1,0) -> 0 | F10: =IF(F25="Baltimore Ravens",1,0) -> 0 | G10: =IF(G25="Denver Broncos",1,0) -> 1 | H10: =IF(H25="Indianapolis Colts",1,0) -> 1 | I10: =IF(I25="Pittsburgh Steelers",1,0) -> 1 | J10: =IF(J25="Houston Texans",1,0) -> 0 | K10: =IF(K25="Tampa Bay Buccaneers",1,0) -> 1 | L10: =IF(L25="New York Giants",1,0) -> 0 | M10: =IF(M25="Buffalo Bills",1,0) -> 0 | N10: =IF(N25="New England Patriots",1,0) -> 1 | O10: =IF(O25="Arizona Cardinals",1,0) -> 0 | P10: =IF(P25="Green Bay Packers",1,0) -> 1 | Q10: =IF(Q25="Kansas City Chiefs",1,0) -> 0 | R10: =IF(R25="Baltimore Ravens",1,0) -> 0 | S10: =IF(S25="Tampa Bay Buccaneers",1,0) -> 0 | T10: =IF(T25="Los Angeles Rams",1,0) -> 0 | U10: =IF(U25="Tampa Bay Buccaneers",1,0) -> 0 | V10: =IF(V25="Dallas Cowboys",1,0) -> 0 | W10: =IF(W25="Denver Broncos",1,0) -> 0 | X10: =IF(X25="Tennessee Titans",1,0) -> 0 | Y10: =IF(Y25="San Francisco 49ers",1,0) -> 0
A11: Colby | B11: PHI | C11: LAC | D11: MIN | E11: LAR | F11: BAL | G11: DEN | H11: LV | I11: PIT | J11: HOU | K11: TB | L11: SF | M11: BUF | N11: NE | O11: ARI | P11: DET | Q11: KC | R11: BAL | S11: TB | T11: LAR | U11: TB | V11: WAS | W11: DEN | X11: JAX | Y11: SF | Z11: =SUM(B12:Y12) -> 9
B12: =IF(B25="Philadelphia Eagles",1,0) -> 1 | C12: =IF(C25="Los Angeles Chargers",1,0) -> 1 | D12: =IF(D25="Minnesota Vikings",1,0) -> 1 | E12: =IF(E25="Los Angeles Rams",1,0) -> 1 | F12: =IF(F25="Baltimore Ravens",1,0) -> 0 | G12: =IF(G25="Denver Broncos",1,0) -> 1 | H12: =IF(H25="Las Vegas Raiders",1,0) -> 0 | I12: =IF(I25="Pittsburgh Steelers",1,0) -> 1 | J12: =IF(J25="Houston Texans",1,0) -> 0 | K12: =IF(K25="Tampa Bay Buccaneers",1,0) -> 1 | L12: =IF(L25="San Francisco 49ers",1,0) -> 1 | M12: =IF(M25="Buffalo Bills",1,0) -> 0 | N12: =IF(N25="New England Patriots",1,0) -> 1 | O12: =IF(O25="Arizona Cardinals",1,0) -> 0 | P12: =IF(P25="Detroit Lions",1,0) -> 0 | Q12: =IF(Q25="Kansas City Chiefs",1,0) -> 0 | R12: =IF(R25="Baltimore Ravens",1,0) -> 0 | S12: =IF(S25="Tampa Bay Buccaneers",1,0) -> 0 | T12: =IF(T25="Los Angeles Rams",1,0) -> 0 | U12: =IF(U25="Tampa Bay Buccaneers",1,0) -> 0 | V12: =IF(V25="Washington Commanders",1,0) -> 0 | W12: =IF(W25="Denver Broncos",1,0) -> 0 | X12: =IF(X25="Jacksonville Jaguars",1,0) -> 0 | Y12: =IF(Y25="San Francisco 49ers",1,0) -> 0
A13: Me | B13: PHI | C13: KC | D13: CHI | E13: LAR | F13: BAL | G13: DEN | H13: LV | I13: PIT | J13: HOU | K13: TB | L13: NYG | M13: BUF | N13: NE | O13: ARI | P13: DET | Q13: KC | R13: BAL | S13: TB | T13: LAR | U13: TB | V13: WAS | W13: DEN | X13: JAX | Y13: SF | Z13: =SUM(B14:Y14) -> 6
B14: =IF(B25="Philadelphia Eagles",1,0) -> 1 | C14: =IF(C25="Kansas City Chiefs",1,0) -> 0 | D14: =IF(D25="Chicago Bears",1,0) -> 0 | E14: =IF(E25="Los Angeles Rams",1,0) -> 1 | F14: =IF(F25="Baltimore Ravens",1,0) -> 0 | G14: =IF(G25="Denver Broncos",1,0) -> 1 | H14: =IF(H25="Las Vegas Raiders",1,0) -> 0 | I14: =IF(I25="Pittsburgh Steelers",1,0) -> 1 | J14: =IF(J25="Houston Texans",1,0) -> 0 | K14: =IF(K25="Tampa Bay Buccaneers",1,0) -> 1 | L14: =IF(L25="New York Giants",1,0) -> 0 | M14: =IF(M25="Buffalo Bills",1,0) -> 0 | N14: =IF(N25="New England Patriots",1,0) -> 1 | O14: =IF(O25="Arizona Cardinals",1,0) -> 0 | P14: =IF(P25="Detroit Lions",1,0) -> 0 | Q14: =IF(Q25="Kansas City Chiefs",1,0) -> 0 | R14: =IF(R25="Baltimore Ravens",1,0) -> 0 | S14: =IF(S25="Tampa Bay Buccaneers",1,0) -> 0 | T14: =IF(T25="Los Angeles Rams",1,0) -> 0 | U14: =IF(U25="Tampa Bay Buccaneers",1,0) -> 0 | V14: =IF(V25="Washington Commanders",1,0) -> 0 | W14: =IF(W25="Denver Broncos",1,0) -> 0 | X14: =IF(X25="Jacksonville Jaguars",1,0) -> 0 | Y14: =IF(Y25="San Francisco 49ers",1,0) -> 0
A15: Shelley | B15: PHI | C15: LAC | D15: MIN | E15: LAR | F15: BAL | G15: DEN | H15: IND | I15: PIT | J15: SEA | K15: NO | L15: SF | M15: BUF | N15: NE | O15: ARI | P15: DET | Q15: DAL | R15: BAL | S15: TB | T15: SEA | U15: TB | V15: DAL | W15: LAC | X15: JAX | Y15: SEA | Z15: =SUM(B16:Y16) -> 11
B16: =IF(B25="Philadelphia Eagles",1,0) -> 1 | C16: =IF(C25="Los Angeles Chargers",1,0) -> 1 | D16: =IF(D25="Minnesota Vikings",1,0) -> 1 | E16: =IF(E25="Los Angeles Rams",1,0) -> 1 | F16: =IF(F25="Baltimore Ravens",1,0) -> 0 | G16: =IF(G25="Denver Broncos",1,0) -> 1 | H16: =IF(H25="Indianapolis Colts",1,0) -> 1 | I16: =IF(I25="Pittsburgh Steelers",1,0) -> 1 | J16: =IF(J25="Seattle Seahawks",1,0) -> 1 | K16: =IF(K25="New Orleans Saints",1,0) -> 0 | L16: =IF(L25="San Francisco 49ers",1,0) -> 1 | M16: =IF(M25="Buffalo Bills",1,0) -> 0 | N16: =IF(N25="New England Patriots",1,0) -> 1 | O16: =IF(O25="Arizona Cardinals",1,0) -> 0 | P16: =IF(P25="Detroit Lions",1,0) -> 0 | Q16: =IF(Q25="Dallas Cowboys",1,0) -> 1 | R16: =IF(R25="Baltimore Ravens",1,0) -> 0 | S16: =IF(S25="Tampa Bay Buccaneers",1,0) -> 0 | T16: =IF(T25="Seattle Seahawks",1,0) -> 0 | U16: =IF(U25="Tampa Bay Buccaneers",1,0) -> 0 | V16: =IF(V25="Dallas Cowboys",1,0) -> 0 | W16: =IF(W25="Los Angeles Chargers",1,0) -> 0 | X16: =IF(X25="Jacksonville Jaguars",1,0) -> 0 | Y16: =IF(Y25="Seattle Seahawks",1,0) -> 0
A17: Brian | B17: PHI | C17: KC | D17: MIN | E17: LAR | F17: DET | G17: DEN | H17: LV | I17: PIT | J17: SEA | K17: TB | L17: NYG | M17: MIA | N17: NE | O17: ARI | P17: DET | Q17: KC | R17: BAL | S17: ATL | T17: LAR | U17: CAR | V17: DAL | W17: DEN | X17: JAX | Y17: SF | Z17: =SUM(B18:Y18) -> 10
B18: =IF(B25="Philadelphia Eagles",1,0) -> 1 | C18: =IF(C25="Kansas City Chiefs",1,0) -> 0 | D18: =IF(D25="Minnesota Vikings",1,0) -> 1 | E18: =IF(E25="Los Angeles Rams",1,0) -> 1 | F18: =IF(F25="Detroit Lions",1,0) -> 1 | G18: =IF(G25="Denver Broncos",1,0) -> 1 | H18: =IF(H25="Las Vegas Raiders",1,0) -> 0 | I18: =IF(I25="Pittsburgh Steelers",1,0) -> 1 | J18: =IF(J25="Seattle Seahawks",1,0) -> 1 | K18: =IF(K25="Tampa Bay Buccaneers",1,0) -> 1 | L18: =IF(L25="New York Giants",1,0) -> 0 | M18: =IF(M25="Miami Dolphins",1,0) -> 1 | N18: =IF(N25="New England Patriots",1,0) -> 1 | O18: =IF(O25="Arizona Cardinals",1,0) -> 0 | P18: =IF(P25="Detroit Lions",1,0) -> 0 | Q18: =IF(Q25="Kansas City Chiefs",1,0) -> 0 | R18: =IF(R25="Baltimore Ravens",1,0) -> 0 | S18: =IF(S25="Atlanta Falcons",1,0) -> 0 | T18: =IF(T25="Los Angeles Rams",1,0) -> 0 | U18: =IF(U25="Carolina Panthers",1,0) -> 0 | V18: =IF(V25="Dallas Cowboys",1,0) -> 0 | W18: =IF(W25="Denver Broncos",1,0) -> 0 | X18: =IF(X25="Jacksonville Jaguars",1,0) -> 0 | Y18: =IF(Y25="San Francisco 49ers",1,0) -> 0
A19: Bloomers | B19: PHI | C19: KC | D19: MIN | E19: TEN | F19: BAL | G19: DEN | H19: LV | I19: PIT | J19: SEA | K19: TB | L19: NYG | M19: BUF | N19: NYJ | O19: JAX | P19: DET | Q19: KC | R19: BAL | S19: TB | T19: LAR | U19: TB | V19: WAS | W19: LAC | X19: JAX | Y19: SEA | Z19: =SUM(B20:Y20) -> 7
B20: =IF(B25="Philadelphia Eagles",1,0) -> 1 | C20: =IF(C25="Kansas City Chiefs",1,0) -> 0 | D20: =IF(D25="Minnesota Vikings",1,0) -> 1 | E20: =IF(E25="Tennessee Titans",1,0) -> 0 | F20: =IF(F25="Baltimore Ravens",1,0) -> 0 | G20: =IF(G25="Denver Broncos",1,0) -> 1 | H20: =IF(H25="Las Vegas Raiders",1,0) -> 0 | I20: =IF(I25="Pittsburgh Steelers",1,0) -> 1 | J20: =IF(J25="Seattle Seahawks",1,0) -> 1 | K20: =IF(K25="Tampa Bay Buccaneers",1,0) -> 1 | L20: =IF(L25="New York Giants",1,0) -> 0 | M20: =IF(M25="Buffalo Bills",1,0) -> 0 | N20: =IF(N25="New York Jets",1,0) -> 0 | O20: =IF(O25="Jacksonville Jaguars",1,0) -> 1 | P20: =IF(P25="Detroit Lions",1,0) -> 0 | Q20: =IF(Q25="Kansas City Chiefs",1,0) -> 0 | R20: =IF(R25="Baltimore Ravens",1,0) -> 0 | S20: =IF(S25="Tampa Bay Buccaneers",1,0) -> 0 | T20: =IF(T25="Los Angeles Rams",1,0) -> 0 | U20: =IF(U25="Tampa Bay Buccaneers",1,0) -> 0 | V20: =IF(V25="Washington Commanders",1,0) -> 0 | W20: =IF(W25="Los Angeles Chargers",1,0) -> 0 | X20: =IF(X25="Jacksonville Jaguars",1,0) -> 0 | Y20: =IF(Y25="Seattle Seahawks",1,0) -> 0
A21: Tom | B21: PHI | C21: KC | D21: CHI | E21: LAR | F21: BAL | G21: DEN | H21: IND | I21: PIT | J21: HOU | K21: TB | L21: SF | M21: BUF | N21: NE | O21: ARI | P21: DET | Q21: KC | R21: BAL | S21: TB | T21: LAR | U21: TB | V21: WAS | W21: DEN | X21: JAX | Y21: SF | Z21: =SUM(B22:Y22) -> 8
B22: =IF(B25="Philadelphia Eagles",1,0) -> 1 | C22: =IF(C25="Kansas City Chiefs",1,0) -> 0 | D22: =IF(D25="Chicago Bears",1,0) -> 0 | E22: =IF(E25="Los Angeles Rams",1,0) -> 1 | F22: =IF(F25="Baltimore Ravens",1,0) -> 0 | G22: =IF(G25="Denver Broncos",1,0) -> 1 | H22: =IF(H25="Indianapolis Colts",1,0) -> 1 | I22: =IF(I25="Pittsburgh Steelers",1,0) -> 1 | J22: =IF(J25="Houston Texans",1,0) -> 0 | K22: =IF(K25="Tampa Bay Buccaneers",1,0) -> 1 | L22: =IF(L25="San Francisco 49ers",1,0) -> 1 | M22: =IF(M25="Buffalo Bills",1,0) -> 0 | N22: =IF(N25="New England Patriots",1,0) -> 1 | O22: =IF(O25="Arizona Cardinals",1,0) -> 0 | P22: =IF(P25="Detroit Lions",1,0) -> 0 | Q22: =IF(Q25="Kansas City Chiefs",1,0) -> 0 | R22: =IF(R25="Baltimore Ravens",1,0) -> 0 | S22: =IF(S25="Tampa Bay Buccaneers",1,0) -> 0 | T22: =IF(T25="Los Angeles Rams",1,0) -> 0 | U22: =IF(U25="Tampa Bay Buccaneers",1,0) -> 0 | V22: =IF(V25="Washington Commanders",1,0) -> 0 | W22: =IF(W25="Denver Broncos",1,0) -> 0 | X22: =IF(X25="Jacksonville Jaguars",1,0) -> 0 | Y22: =IF(Y25="San Francisco 49ers",1,0) -> 0
A23: Karen | B23: PHI | C23: KC | D23: MIN | E23: TEN | F23: BAL | G23: CIN | H23: LV | I23: PIT | J23: SEA | K23: NO | L23: SF | M23: BUF | N23: NE | O23: JAX | P23: GB | Q23: KC | R23: BAL | S23: TB | T23: SEA | U23: CAR | V23: WAS | W23: LAC | X23: TEN | Y23: SF | Z23: =SUM(B24:Y24) -> 8
B24: =IF(B25="Philadelphia Eagles",1,0) -> 1 | C24: =IF(C25="Kansas City Chiefs",1,0) -> 0 | D24: =IF(D25="Minnesota Vikings",1,0) -> 1 | E24: =IF(E25="Tennessee Titans",1,0) -> 0 | F24: =IF(F25="Baltimore Ravens",1,0) -> 0 | G24: =IF(G25="Cincinnati Bengals",1,0) -> 0 | H24: =IF(H25="Las Vegas Raiders",1,0) -> 0 | I24: =IF(I25="Pittsburgh Steelers",1,0) -> 1 | J24: =IF(J25="Seattle Seahawks",1,0) -> 1 | K24: =IF(K25="New Orleans Saints",1,0) -> 0 | L24: =IF(L25="San Francisco 49ers",1,0) -> 1 | M24: =IF(M25="Buffalo Bills",1,0) -> 0 | N24: =IF(N25="New England Patriots",1,0) -> 1 | O24: =IF(O25="Jacksonville Jaguars",1,0) -> 1 | P24: =IF(P25="Green Bay Packers",1,0) -> 1 | Q24: =IF(Q25="Kansas City Chiefs",1,0) -> 0 | R24: =IF(R25="Baltimore Ravens",1,0) -> 0 | S24: =IF(S25="Tampa Bay Buccaneers",1,0) -> 0 | T24: =IF(T25="Seattle Seahawks",1,0) -> 0 | U24: =IF(U25="Carolina Panthers",1,0) -> 0 | V24: =IF(V25="Washington Commanders",1,0) -> 0 | W24: =IF(W25="Los Angeles Chargers",1,0) -> 0 | X24: =IF(X25="Tennessee Titans",1,0) -> 0 | Y24: =IF(Y25="San Francisco 49ers",1,0) -> 0
A25: Winners | B25: Philadelphia Eagles | C25: Los Angeles Chargers | D25: Minnesota Vikings | E25: Los Angeles Rams | F25: Detroit Lions | G25: Denver Broncos | H25: Indianapolis Colts | I25: Pittsburgh Steelers | J25: Seattle Seahawks | K25: Tampa Bay Buccaneers | L25: San Francisco 49ers | M25: Miami Dolphins | N25: New England Patriots | O25: Jacksonville Jaguars | P25: Green Bay Packers | Q25: Dallas Cowboys | R25: Pittsburgh Steelers
A27: NAME | B27: Divisional winners (2 pts each) | L27: Wildcard teams (3 pts each) | T27: Superbowl (3 pts) | X27: Superbowl Champ (4 pts) | AC27: Playoffs Total | AE27: Regular Season Total | AG27: TOTALITY | AJ27: Max Score
B28: AFC | G28: NFC | L28: AFC | P28: NFC | T28: AFC | V28: NFC | AP28: Notes
B29: E | C29: N | D29: S | E29: W | G29: E | H29: N | I29: S | J29: W
A30: Lori Lynn | B30: BUF | C30: PIT | D30: IND | E30: KC | G30: PHI | H30: MIN | I30: TB | J30: LAR | L30: MIA | M30: HOU | N30: DEN | P30: DET | Q30: ATL | R30: SEA | T30: BUF | V30: PHI | X30: BUF | AE30: =Z5 -> 9 | AG30: =SUM(AC30,AE30) -> 9 | AK30: =SUM(#REF!,AG30) -> #REF!
Q31: X
A32: SJay | B32: BUF | C32: PIT | D32: HOU | E32: KC | G32: PHI | H32: CHI | I32: TB | J32: LAR | L32: NE | M32: TEN | N32: DEN | P32: NYG | Q32: MIN | R32: ARI | T32: TEN | V32: CHI | X32: TEN | AC32: =SUM(B33:Z33) -> 0 | AE32: =Z7 -> 8 | AG32: =SUM(AC32,AE32) -> 8 | AK32: =SUM(#REF!,AG32) -> #REF!
M33: X | P33: X | R33: X | T33: X | X33: X
A34: Boots | B34: BUF | C34: BAL | D34: TEN | E34: KC | G34: NYG | H34: CHI | I34: TB | J34: ARI | L34: NE | M34: PIT | N34: DEN | P34: PHI | Q34: MIN | R34: LAR | T34: KC | V34: LAR | X34: LAR | AC34: =SUM(B35:Z35) -> 0 | AE34: =Z9 -> 8 | AG34: =SUM(AC34,AE34) -> 8 | AK34: =SUM(#REF!,AG34) -> #REF!
D35: X | G35: X | J35: X
A36: Colby | B36: BUF | C36: BAL | D36: HOU | E36: DEN | G36: PHI | H36: DET | I36: TB | J36: LAR | L36: KC | M36: CIN | N36: LAC | P36: SEA | Q36: GB | R36: WAS | T36: BAL | V36: PHI | X36: BAL | AC36: =SUM(B37:Z37) -> 0 | AE36: =Z11 -> 9 | AG36: =SUM(AC36,AE36) -> 9 | AK36: =SUM(#REF!,AG36) -> #REF!
R37: X
A38: Me | B38: BUF | C38: BAL | D38: HOU | E38: KC | G38: WAS | H38: GB | I38: TB | J38: LAR | L38: LAC | M38: DEN | N38: PIT | P38: PHI | Q38: DET | R38: ARI | T38: LAC | V38: GB | X38: LAC | AC38: =SUM(B39:Z39) -> 0 | AE38: =Z13 -> 6 | AG38: =SUM(AC38,AE38) -> 6 | AK38: =SUM(#REF!,AG38) -> #REF!
G39: X | R39: X
A40: Shelley | B40: BUF | C40: BAL | D40: HOU | E40: LAC | G40: PHI | H40: DET | I40: ATL | J40: SEA | L40: PIT | M40: KC | N40: DEN | P40: MIN | Q40: LAR | R40: DAL | T40: BUF | V40: SEA | X40: BUF | AC40: =SUM(B41:Z41) -> 0 | AE40: =Z15 -> 11 | AG40: =SUM(AC40,AE40) -> 11 | AK40: =SUM(#REF!,AG40) -> #REF!
I41: X
A42: Brian | B42: NE | C42: PIT | D42: HOU | E42: KC | G42: DAL | H42: MIN | I42: TB | J42: LAR | L42: BAL | M42: BUF | N42: LAC | P42: PHI | Q42: DET | R42: SF | T42: BUF | V42: PHI | X42: BUF | AC42: =SUM(B43:Z43) -> 0 | AE42: =Z17 -> 10 | AG42: =SUM(AC42,AE42) -> 10 | AK42: =SUM(#REF!,AG42) -> #REF!
A44: Bloomers | B44: BUF | C44: BAL | D44: TEN | E44: KC | G44: PHI | H44: DET | I44: TB | J44: LAR | L44: LAC | M44: PIT | N44: CIN | P44: MIN | Q44: GB | R44: WAS | T44: LAC | V44: PHI | X44: LAC | AC44: =SUM(B45:Z45) -> 0 | AE44: =Z19 -> 7 | AG44: =SUM(AC44,AE44) -> 7 | AK44: =SUM(#REF!,AG44) -> #REF!
D45: X | R45: X
A46: Tom | B46: BUF | C46: BAL | D46: HOU | E46: KC | G46: PHI | H46: DET | I46: TB | J46: LAR | L46: BUF | M46: BAL | N46: KC | P46: PHI | Q46: DET | R46: LAR | T46: KC | V46: PHI | X46: KC | AC46: =SUM(B47:Z47) -> 0 | AE46: =Z21 -> 8 | AG46: =SUM(AC46,AE46) -> 8 | AK46: =SUM(#REF!,AG46) -> #REF!
A48: Karen | B48: BUF | C48: BAL | D48: TEN | E48: KC | G48: PHI | H48: MIN | I48: ATL | J48: SEA | L48: CIN | M48: IND | N48: LV | P48: WAS | Q48: MIN | R48: SF | T48: BUF | V48: PHI | X48: BUF | AC48: =SUM(B49:Z49) -> 0 | AE48: =Z23 -> 8 | AG48: =SUM(AC48,AE48) -> 8 | AK48: =SUM(#REF!,AG48) -> #REF!
D49: X | I49: X | N49: X | P49: X
A51: Name | D51: SEPT | I51: OCT | N51: NOV | T51: DEC | X51: JAN | Z51: Totals
B52: 4 | C52: 5 | D52: 8 | E52: 14 | F52: 22 | G52: 29 | H52: 5 | I52: 12 | J52: 20 | K52: 26 | L52: 2 | M52: 9 | N52: 13 | O52: 23 | P52: 27 | Q52: 27 | R52: 7 | S52: 11 | T52: 18 | U52: 21 | V52: 25 | W52: tbd | X52: tbd | Y52: tbd
A53: Gm# | B53: 1 | C53: 2 | D53: 3 | E53: 4 | F53: 5 | G53: 6 | H53: 7 | I53: 8 | J53: 9 | K53: 10 | L53: 11 | M53: 12 | N53: 13 | O53: 14 | P53: 15 | Q53: 16 | R53: 17 | S53: 18 | T53: 19 | U53: 20 | V53: 21 | W53: 22 | X53: 23 | Y53: 24
A54: Denise | B54: DAL | C54: KC | D54: MIN | E54: TEN | F54: BAL | G54: CIN | H54: LV | I54: CLE | J54: SEA | K54: NO | L54: SF | M54: BUF | N54: NE | O54: ARI | P54: GB | Q54: KC | R54: BAL | S54: ATL | T54: LAR | U54: CAR | V54: WAS | W54: LAC | X54: JAX | Y54: SF | Z54: =SUM(B55:Y55) -> 5
B55: =IF(B74="Dallas Cowboys",1,0) -> 0 | C55: =IF(C74="Kansas City Chiefs",1,0) -> 0 | D55: =IF(D74="Minnesota Vikings",1,0) -> 1 | E55: =IF(E74="Tennessee Titans",1,0) -> 0 | F55: =IF(F74="Baltimore Ravens",1,0) -> 0 | G55: =IF(G74="Cincinnati Bengals",1,0) -> 0 | H55: =IF(H74="Las Vegas Raiders",1,0) -> 0 | I55: =IF(I74="Cleveland Browns",1,0) -> 0 | J55: =IF(J74="Seattle Seahawks",1,0) -> 1 | K55: =IF(K74="New Orleans Saints",1,0) -> 0 | L55: =IF(L74="San Francisco 49ers",1,0) -> 1 | M55: =IF(M74="Buffalo Bills",1,0) -> 0 | N55: =IF(N74="New England Patriots",1,0) -> 1 | O55: =IF(O74="Arizona Cardinals",1,0) -> 0 | P55: =IF(P74="Green Bay Packers",1,0) -> 1 | Q55: =IF(Q74="Kansas City Chiefs",1,0) -> 0 | R55: =IF(R74="Baltimore Ravens",1,0) -> 0 | S55: =IF(S74="Atlanta Falcons",1,0) -> 0 | T55: =IF(T74="Los Angeles Rams",1,0) -> 0 | U55: =IF(U74="Carolina Panthers",1,0) -> 0 | V55: =IF(V74="Washington Commanders",1,0) -> 0 | W55: =IF(W74="Los Angeles Chargers",1,0) -> 0 | X55: =IF(X74="Jacksonville Jaguars",1,0) -> 0 | Y55: =IF(Y74="San Francisco 49ers",1,0) -> 0
A56: Frank | B56: PHI | C56: KC | D56: MIN | E56: LAR | F56: BAL | G56: DEN | H56: LV | I56: CLE | J56: SEA | K56: TB | L56: SF | M56: MIA | N56: NYJ | O56: ARI | P56: DET | Q56: KC | R56: BAL | S56: TB | T56: SEA | U56: TB | V56: DAL | W56: LAC | X56: TEN | Y56: SF | Z56: =SUM(B57:Y57) -> 8
B57: =IF(B74="Philadelphia Eagles",1,0) -> 1 | C57: =IF(C74="Kansas City Chiefs",1,0) -> 0 | D57: =IF(D74="Minnesota Vikings",1,0) -> 1 | E57: =IF(E74="Los Angeles Rams",1,0) -> 1 | F57: =IF(F74="Baltimore Ravens",1,0) -> 0 | G57: =IF(G74="Denver Broncos",1,0) -> 1 | H57: =IF(H74="Las Vegas Raiders",1,0) -> 0 | I57: =IF(I74="Cleveland Browns",1,0) -> 0 | J57: =IF(J74="Seattle Seahawks",1,0) -> 1 | K57: =IF(K74="Tampa Bay Buccaneers",1,0) -> 1 | L57: =IF(L74="San Francisco 49ers",1,0) -> 1 | M57: =IF(M74="Miami Dolphins",1,0) -> 1 | N57: =IF(N74="New York Jets",1,0) -> 0 | O57: =IF(O74="Arizona Cardinals",1,0) -> 0 | P57: =IF(P74="Detroit Lions",1,0) -> 0 | Q57: =IF(Q74="Kansas City Chiefs",1,0) -> 0 | R57: =IF(R74="Baltimore Ravens",1,0) -> 0 | S57: =IF(S74="Tampa Bay Buccaneers",1,0) -> 0 | T57: =IF(T74="Seattle Seahawks",1,0) -> 0 | U57: =IF(U74="Tampa Bay Buccaneers",1,0) -> 0 | V57: =IF(V74="Dallas Cowboys",1,0) -> 0 | W57: =IF(W74="Los Angeles Chargers",1,0) -> 0 | X57: =IF(X74="Tennessee Titans",1,0) -> 0 | Y57: =IF(Y74="San Francisco 49ers",1,0) -> 0
A58: Tom C | B58: PHI | C58: LAC | D58: MIN | E58: TEN | F58: BAL | G58: CIN | H58: LV | I58: PIT | J58: HOU | K58: TB | L58: SF | M58: BUF | N58: NE | O58: ARI | P58: DET | Q58: KC | R58: BAL | S58: TB | T58: LAR | U58: TB | V58: WAS | W58: LAC | X58: TEN | Y58: SF | Z58: =SUM(B59:Y59) -> 7
B59: =IF(B74="Philadelphia Eagles",1,0) -> 1 | C59: =IF(C74="Los Angeles Chargers",1,0) -> 1 | D59: =IF(D74="Minnesota Vikings",1,0) -> 1 | E59: =IF(E74="Tennessee Titans",1,0) -> 0 | F59: =IF(F74="Baltimore Ravens",1,0) -> 0 | G59: =IF(G74="Cincinnati Bengals",1,0) -> 0 | H59: =IF(H74="Las Vegas Raiders",1,0) -> 0 | I59: =IF(I74="Pittsburgh Steelers",1,0) -> 1 | J59: =IF(J74="Houston Texans",1,0) -> 0 | K59: =IF(K74="Tampa Bay Buccaneers",1,0) -> 1 | L59: =IF(L74="San Francisco 49ers",1,0) -> 1 | M59: =IF(M74="Buffalo Bills",1,0) -> 0 | N59: =IF(N74="New England Patriots",1,0) -> 1 | O59: =IF(O74="Arizona Cardinals",1,0) -> 0 | P59: =IF(P74="Detroit Lions",1,0) -> 0 | Q59: =IF(Q74="Kansas City Chiefs",1,0) -> 0 | R59: =IF(R74="Baltimore Ravens",1,0) -> 0 | S59: =IF(S74="Tampa Bay Buccaneers",1,0) -> 0 | T59: =IF(T74="Los Angeles Rams",1,0) -> 0 | U59: =IF(U74="Tampa Bay Buccaneers",1,0) -> 0 | V59: =IF(V74="Washington Commanders",1,0) -> 0 | W59: =IF(W74="Los Angeles Chargers",1,0) -> 0 | X59: =IF(X74="Tennessee Titans",1,0) -> 0 | Y59: =IF(Y74="San Francisco 49ers",1,0) -> 0
A60: Carrie | B60: PHI | C60: LAC | D60: MIN | E60: LAR | F60: DET | G60: DEN | H60: LV | I60: PIT | J60: SEA | K60: TB | L60: SF | M60: BUF | N60: NE | O60: JAX | P60: DET | Q60: DAL | R60: BAL | S60: TB | T60: SEA | U60: TB | V60: WAS | W60: LAC | X60: JAX | Y60: SF | Z60: =SUM(B61:Y61) -> 13
B61: =IF(B74="Philadelphia Eagles",1,0) -> 1 | C61: =IF(C74="Los Angeles Chargers",1,0) -> 1 | D61: =IF(D74="Minnesota Vikings",1,0) -> 1 | E61: =IF(E74="Los Angeles Rams",1,0) -> 1 | F61: =IF(F74="Detroit Lions",1,0) -> 1 | G61: =IF(G74="Denver Broncos",1,0) -> 1 | H61: =IF(H74="Las Vegas Raiders",1,0) -> 0 | I61: =IF(I74="Pittsburgh Steelers",1,0) -> 1 | J61: =IF(J74="Seattle Seahawks",1,0) -> 1 | K61: =IF(K74="Tampa Bay Buccaneers",1,0) -> 1 | L61: =IF(L74="San Francisco 49ers",1,0) -> 1 | M61: =IF(M74="Buffalo Bills",1,0) -> 0 | N61: =IF(N74="New England Patriots",1,0) -> 1 | O61: =IF(O74="Jacksonville Jaguars",1,0) -> 1 | P61: =IF(P74="Detroit Lions",1,0) -> 0 | Q61: =IF(Q74="Dallas Cowboys",1,0) -> 1 | R61: =IF(R74="Baltimore Ravens",1,0) -> 0 | S61: =IF(S74="Tampa Bay Buccaneers",1,0) -> 0 | T61: =IF(T74="Seattle Seahawks",1,0) -> 0 | U61: =IF(U74="Tampa Bay Buccaneers",1,0) -> 0 | V61: =IF(V74="Washington Commanders",1,0) -> 0 | W61: =IF(W74="Los Angeles Chargers",1,0) -> 0 | X61: =IF(X74="Jacksonville Jaguars",1,0) -> 0 | Y61: =IF(Y74="San Francisco 49ers",1,0) -> 0
A62: Al | B62: PHI | C62: KC | D62: CHI | E62: LAR | F62: BAL | G62: DEN | H62: IND | I62: PIT | J62: HOU | K62: TB | L62: SF | M62: BUF | N62: NE | O62: ARI | P62: DET | Q62: KC | R62: BAL | S62: TB | T62: LAR | U62: TB | V62: WAS | W62: DEN | X62: JAX | Y62: SF | Z62: =SUM(B63:Y63) -> 8
B63: =IF(B74="Philadelphia Eagles",1,0) -> 1 | C63: =IF(C74="Kansas City Chiefs",1,0) -> 0 | D63: =IF(D74="Chicago Bears",1,0) -> 0 | E63: =IF(E74="Los Angeles Rams",1,0) -> 1 | F63: =IF(F74="Baltimore Ravens",1,0) -> 0 | G63: =IF(G74="Denver Broncos",1,0) -> 1 | H63: =IF(H74="Indianapolis Colts",1,0) -> 1 | I63: =IF(I74="Pittsburgh Steelers",1,0) -> 1 | J63: =IF(J74="Houston Texans",1,0) -> 0 | K63: =IF(K74="Tampa Bay Buccaneers",1,0) -> 1 | L63: =IF(L74="San Francisco 49ers",1,0) -> 1 | M63: =IF(M74="Buffalo Bills",1,0) -> 0 | N63: =IF(N74="New England Patriots",1,0) -> 1 | O63: =IF(O74="Arizona Cardinals",1,0) -> 0 | P63: =IF(P74="Detroit Lions",1,0) -> 0 | Q63: =IF(Q74="Kansas City Chiefs",1,0) -> 0 | R63: =IF(R74="Baltimore Ravens",1,0) -> 0 | S63: =IF(S74="Tampa Bay Buccaneers",1,0) -> 0 | T63: =IF(T74="Los Angeles Rams",1,0) -> 0 | U63: =IF(U74="Tampa Bay Buccaneers",1,0) -> 0 | V63: =IF(V74="Washington Commanders",1,0) -> 0 | W63: =IF(W74="Denver Broncos",1,0) -> 0 | X63: =IF(X74="Jacksonville Jaguars",1,0) -> 0 | Y63: =IF(Y74="San Francisco 49ers",1,0) -> 0
A64: Kaleb | B64: PHI | C64: LAC | D64: CHI | E64: LAR | F64: BAL | G64: DEN | H64: LV | I64: PIT | J64: HOU | K64: TB | L64: NYG | M64: BUF | N64: NE | O64: ARI | P64: GB | Q64: DAL | R64: BAL | S64: TB | T64: LAR | U64: TB | V64: WAS | W64: DEN | X64: JAX | Y64: SF | Z64: =SUM(B65:Y65) -> 9
B65: =IF(B74="Philadelphia Eagles",1,0) -> 1 | C65: =IF(C74="Los Angeles Chargers",1,0) -> 1 | D65: =IF(D74="Chicago Bears",1,0) -> 0 | E65: =IF(E74="Los Angeles Rams",1,0) -> 1 | F65: =IF(F74="Baltimore Ravens",1,0) -> 0 | G65: =IF(G74="Denver Broncos",1,0) -> 1 | H65: =IF(H74="Las Vegas Raiders",1,0) -> 0 | I65: =IF(I74="Pittsburgh Steelers",1,0) -> 1 | J65: =IF(J74="Houston Texans",1,0) -> 0 | K65: =IF(K74="Tampa Bay Buccaneers",1,0) -> 1 | L65: =IF(L74="New York Giants",1,0) -> 0 | M65: =IF(M74="Buffalo Bills",1,0) -> 0 | N65: =IF(N74="New England Patriots",1,0) -> 1 | O65: =IF(O74="Arizona Cardinals",1,0) -> 0 | P65: =IF(P74="Green Bay Packers",1,0) -> 1 | Q65: =IF(Q74="Dallas Cowboys",1,0) -> 1 | R65: =IF(R74="Baltimore Ravens",1,0) -> 0 | S65: =IF(S74="Tampa Bay Buccaneers",1,0) -> 0 | T65: =IF(T74="Los Angeles Rams",1,0) -> 0 | U65: =IF(U74="Tampa Bay Buccaneers",1,0) -> 0 | V65: =IF(V74="Washington Commanders",1,0) -> 0 | W65: =IF(W74="Denver Broncos",1,0) -> 0 | X65: =IF(X74="Jacksonville Jaguars",1,0) -> 0 | Y65: =IF(Y74="San Francisco 49ers",1,0) -> 0
A66: Robyn | B66: PHI | C66: KC | D66: MIN | E66: LAR | F66: BAL | G66: CIN | H66: IND | I66: PIT | J66: HOU | K66: TB | L66: SF | M66: BUF | N66: NYJ | O66: ARI | P66: DET | Q66: KC | R66: BAL | S66: TB | T66: LAR | U66: TB | V66: WAS | W66: DEN | X66: JAX | Y66: SF | Z66: =SUM(B67:Y67) -> 7
B67: =IF(B74="Philadelphia Eagles",1,0) -> 1 | C67: =IF(C74="Kansas City Chiefs",1,0) -> 0 | D67: =IF(D74="Minnesota Vikings",1,0) -> 1 | E67: =IF(E74="Los Angeles Rams",1,0) -> 1 | F67: =IF(F74="Baltimore Ravens",1,0) -> 0 | G67: =IF(G74="Cincinnati Bengals",1,0) -> 0 | H67: =IF(H74="Indianapolis Colts",1,0) -> 1 | I67: =IF(I74="Pittsburgh Steelers",1,0) -> 1 | J67: =IF(J74="Houston Texans",1,0) -> 0 | K67: =IF(K74="Tampa Bay Buccaneers",1,0) -> 1 | L67: =IF(L74="San Francisco 49ers",1,0) -> 1 | M67: =IF(M74="Buffalo Bills",1,0) -> 0 | N67: =IF(N74="New York Jets",1,0) -> 0 | O67: =IF(O74="Arizona Cardinals",1,0) -> 0 | P67: =IF(P74="Detroit Lions",1,0) -> 0 | Q67: =IF(Q74="Kansas City Chiefs",1,0) -> 0 | R67: =IF(R74="Baltimore Ravens",1,0) -> 0 | S67: =IF(S74="Tampa Bay Buccaneers",1,0) -> 0 | T67: =IF(T74="Los Angeles Rams",1,0) -> 0 | U67: =IF(U74="Tampa Bay Buccaneers",1,0) -> 0 | V67: =IF(V74="Washington Commanders",1,0) -> 0 | W67: =IF(W74="Denver Broncos",1,0) -> 0 | X67: =IF(X74="Jacksonville Jaguars",1,0) -> 0 | Y67: =IF(Y74="San Francisco 49ers",1,0) -> 0
A68: Kyle | B68: PHI | C68: KC | D68: MIN | E68: LAR | F68: BAL | G68: DEN | H68: LV | I68: PIT | J68: SEA | K68: TB | L68: SF | M68: BUF | N68: NE | O68: JAX | P68: DET | Q68: KC | R68: BAL | S68: TB | T68: SEA | U68: TB | V68: DAL | W68: LAC | X68: TEN | Y68: SEA | Z68: =SUM(B69:Y69) -> 10
B69: =IF(B74="Philadelphia Eagles",1,0) -> 1 | C69: =IF(C74="Kansas City Chiefs",1,0) -> 0 | D69: =IF(D74="Minnesota Vikings",1,0) -> 1 | E69: =IF(E74="Los Angeles Rams",1,0) -> 1 | F69: =IF(F74="Baltimore Ravens",1,0) -> 0 | G69: =IF(G74="Denver Broncos",1,0) -> 1 | H69: =IF(H74="Las Vegas Raiders",1,0) -> 0 | I69: =IF(I74="Pittsburgh Steelers",1,0) -> 1 | J69: =IF(J74="Seattle Seahawks",1,0) -> 1 | K69: =IF(K74="Tampa Bay Buccaneers",1,0) -> 1 | L69: =IF(L74="San Francisco 49ers",1,0) -> 1 | M69: =IF(M74="Buffalo Bills",1,0) -> 0 | N69: =IF(N74="New England Patriots",1,0) -> 1 | O69: =IF(O74="Jacksonville Jaguars",1,0) -> 1 | P69: =IF(P74="Detroit Lions",1,0) -> 0 | Q69: =IF(Q74="Kansas City Chiefs",1,0) -> 0 | R69: =IF(R74="Baltimore Ravens",1,0) -> 0 | S69: =IF(S74="Tampa Bay Buccaneers",1,0) -> 0 | T69: =IF(T74="Seattle Seahawks",1,0) -> 0 | U69: =IF(U74="Tampa Bay Buccaneers",1,0) -> 0 | V69: =IF(V74="Dallas Cowboys",1,0) -> 0 | W69: =IF(W74="Los Angeles Chargers",1,0) -> 0 | X69: =IF(X74="Tennessee Titans",1,0) -> 0 | Y69: =IF(Y74="Seattle Seahawks",1,0) -> 0
A70: Dave C | B70: PHI | C70: LAC | D70: MIN | E70: LAR | F70: BAL | G70: DEN | H70: LV | I70: PIT | J70: HOU | K70: TB | L70: SF | M70: BUF | N70: NE | O70: ARI | P70: DET | Q70: KC | R70: BAL | S70: TB | T70: SEA | U70: TB | V70: DAL | W70: LAC | X70: JAX | Y70: SF | Z70: =SUM(B71:Y71) -> 9
B71: =IF(B74="Philadelphia Eagles",1,0) -> 1 | C71: =IF(C74="Los Angeles Chargers",1,0) -> 1 | D71: =IF(D74="Minnesota Vikings",1,0) -> 1 | E71: =IF(E74="Los Angeles Rams",1,0) -> 1 | F71: =IF(F74="Baltimore Ravens",1,0) -> 0 | G71: =IF(G74="Denver Broncos",1,0) -> 1 | H71: =IF(H74="Las Vegas Raiders",1,0) -> 0 | I71: =IF(I74="Pittsburgh Steelers",1,0) -> 1 | J71: =IF(J74="Houston Texans",1,0) -> 0 | K71: =IF(K74="Tampa Bay Buccaneers",1,0) -> 1 | L71: =IF(L74="San Francisco 49ers",1,0) -> 1 | M71: =IF(M74="Buffalo Bills",1,0) -> 0 | N71: =IF(N74="New England Patriots",1,0) -> 1 | O71: =IF(O74="Arizona Cardinals",1,0) -> 0 | P71: =IF(P74="Detroit Lions",1,0) -> 0 | Q71: =IF(Q74="Kansas City Chiefs",1,0) -> 0 | R71: =IF(R74="Baltimore Ravens",1,0) -> 0 | S71: =IF(S74="Tampa Bay Buccaneers",1,0) -> 0 | T71: =IF(T74="Seattle Seahawks",1,0) -> 0 | U71: =IF(U74="Tampa Bay Buccaneers",1,0) -> 0 | V71: =IF(V74="Dallas Cowboys",1,0) -> 0 | W71: =IF(W74="Los Angeles Chargers",1,0) -> 0 | X71: =IF(X74="Jacksonville Jaguars",1,0) -> 0 | Y71: =IF(Y74="San Francisco 49ers",1,0) -> 0
A72: Theresa | B72: PHI | C72: LAC | D72: MIN | E72: LAR | F72: BAL | G72: CIN | H72: LV | I72: PIT | J72: HOU | K72: NO | L72: SF | M72: BUF | N72: NE | O72: ARI | P72: DET | Q72: KC | R72: BAL | S72: TB | T72: LAR | U72: TB | V72: WAS | W72: DEN | X72: JAX | Y72: SF | Z72: =SUM(B73:Y73) -> 7
B73: =IF(B74="Philadelphia Eagles",1,0) -> 1 | C73: =IF(C74="Los Angeles Chargers",1,0) -> 1 | D73: =IF(D74="Minnesota Vikings",1,0) -> 1 | E73: =IF(E74="Los Angeles Rams",1,0) -> 1 | F73: =IF(F74="Baltimore Ravens",1,0) -> 0 | G73: =IF(G74="Cincinnati Bengals",1,0) -> 0 | H73: =IF(H74="Las Vegas Raiders",1,0) -> 0 | I73: =IF(I74="Pittsburgh Steelers",1,0) -> 1 | J73: =IF(J74="Houston Texans",1,0) -> 0 | K73: =IF(K74="New Orleans Saints",1,0) -> 0 | L73: =IF(L74="San Francisco 49ers",1,0) -> 1 | M73: =IF(M74="Buffalo Bills",1,0) -> 0 | N73: =IF(N74="New England Patriots",1,0) -> 1 | O73: =IF(O74="Arizona Cardinals",1,0) -> 0 | P73: =IF(P74="Detroit Lions",1,0) -> 0 | Q73: =IF(Q74="Kansas City Chiefs",1,0) -> 0 | R73: =IF(R74="Baltimore Ravens",1,0) -> 0 | S73: =IF(S74="Tampa Bay Buccaneers",1,0) -> 0 | T73: =IF(T74="Los Angeles Rams",1,0) -> 0 | U73: =IF(U74="Tampa Bay Buccaneers",1,0) -> 0 | V73: =IF(V74="Washington Commanders",1,0) -> 0 | W73: =IF(W74="Denver Broncos",1,0) -> 0 | X73: =IF(X74="Jacksonville Jaguars",1,0) -> 0 | Y73: =IF(Y74="San Francisco 49ers",1,0) -> 0
A74: Winners | B74: Philadelphia Eagles | C74: Los Angeles Chargers | D74: Minnesota Vikings | E74: Los Angeles Rams | F74: Detroit Lions | G74: Denver Broncos | H74: Indianapolis Colts | I74: Pittsburgh Steelers | J74: Seattle Seahawks | K74: Tampa Bay Buccaneers | L74: San Francisco 49ers | M74: Miami Dolphins | N74: New England Patriots | O74: Jacksonville Jaguars | P74: Green Bay Packers | Q74: Dallas Cowboys | R74: Pittsburgh Steelers
A76: NAME | B76: Divisional winners (2 pts each) | L76: Wildcard teams (3 pts each) | T76: Superbowl (3 pts) | X76: Superbowl Champ (4 pts) | AC76: Playoffs Total | AE76: Regular Season Total | AG76: TOTALITY | AJ76: Max Score
B77: AFC | G77: NFC | L77: AFC | P77: NFC | T77: AFC | V77: NFC | AP77: Notes
B78: E | C78: N | D78: S | E78: W | G78: E | H78: N | I78: S | J78: W
A79: Denise | B79: BUF | C79: BAL | D79: TEN | E79: LV | G79: PHI | H79: DET | I79: TB | J79: SF | L79: DEN | M79: CIN | N79: LAC | P79: DET | Q79: LAR | R79: DAL | T79: KC | V79: PHI | X79: KC | AC79: =SUM(B80:Z80) -> 0 | AE79: =Z54 -> 5 | AG79: =SUM(AC79,AE79) -> 5 | AK79: =SUM(#REF!,AG79) -> #REF!
D80: X | E80: X
A81: Frank | B81: MIA | C81: BAL | D81: HOU | E81: KC | G81: PHI | H81: GB | I81: TB | J81: SF | L81: BUF | M81: LAC | N81: PIT | P81: DET | Q81: LAR | R81: SEA | T81: KC | V81: SF | X81: SF | AC81: =SUM(B82:Z82) -> 0 | AE81: =Z56 -> 8 | AG81: =SUM(AC81,AE81) -> 8 | AK81: =SUM(#REF!,AG81) -> #REF!
A83: Tom C | B83: BUF | C83: BAL | D83: HOU | E83: KC | G83: PHI | H83: DET | I83: TB | J83: SF | L83: LAR | M83: LAC | N83: PIT | P83: LAR | Q83: GB | R83: MIN | T83: BUF | V83: PHI | X83: BUF | AC83: =SUM(B84:Z84) -> 0 | AE83: =Z58 -> 7 | AG83: =SUM(AC83,AE83) -> 7 | AK83: =SUM(#REF!,AG83) -> #REF!
A85: Carrie | B85: BUF | C85: CIN | D85: JAX | E85: KC | G85: PHI | H85: DET | I85: TB | J85: SEA | L85: PIT | M85: LAC | N85: BAL | P85: MIN | Q85: WAS | R85: SF | T85: BUF | V85: DET | X85: BUF | AC85: =SUM(B86:Z86) -> 0 | AE85: =Z60 -> 13 | AG85: =SUM(AC85,AE85) -> 13 | AK85: =SUM(#REF!,AG85) -> #REF!
Q86: X
A87: Al | B87: BUF | C87: BAL | D87: HOU | E87: KC | G87: PHI | H87: DET | I87: TB | J87: SF | L87: PIT | M87: DEN | N87: LAC | P87: WAS | Q87: GB | R87: LAR | T87: BAL | V87: PHI | X87: BAL | AC87: =SUM(B88:Z88) -> 0 | AE87: =Z62 -> 8 | AG87: =SUM(AC87,AE87) -> 8 | AK87: =SUM(#REF!,AG87) -> #REF!
P88: X
A89: Kaleb | B89: BUF | C89: BAL | D89: HOU | E89: DEN | G89: PHI | H89: GB | I89: TB | J89: LAR | L89: CIN | M89: PIT | N89: KC | P89: WAS | Q89: DET | R89: SF | T89: BUF | V89: LAR | X89: BUF | AC89: =SUM(B90:Z90) -> 0 | AE89: =Z64 -> 9 | AG89: =SUM(AC89,AE89) -> 9 | AK89: =SUM(#REF!,AG89) -> #REF!
P90: X
A91: Robyn | B91: BUF | C91: BAL | D91: HOU | E91: KC | G91: PHI | H91: DET | I91: TB | J91: SF | L91: CIN | M91: JAX | N91: DEN | P91: ATL | Q91: LAR | R91: GB | T91: KC | V91: SF | X91: SF | AC91: =SUM(B92:Z92) -> 0 | AE91: =Z66 -> 7 | AG91: =SUM(AC91,AE91) -> 7 | AK91: =SUM(#REF!,AG91) -> #REF!
P92: X
A93: Kyle | B93: BUF | C93: BAL | D93: HOU | E93: KC | G93: PHI | H93: GB | I93: TB | J93: SEA | L93: CIN | M93: LAC | N93: NE | P93: WAS | Q93: DET | R93: LAR | T93: BUF | V93: PHI | X93: BUF | AC93: =SUM(B94:Z94) -> 0 | AE93: =Z68 -> 10 | AG93: =SUM(AC93,AE93) -> 10 | AK93: =SUM(#REF!,AG93) -> #REF!
P94: X
A95: Dave C | B95: BUF | C95: BAL | D95: HOU | E95: KC | G95: PHI | H95: DET | I95: TB | J95: SF | L95: CIN | M95: LAC | N95: MIA | P95: GB | Q95: LAR | R95: DAL | T95: BAL | V95: SF | X95: SF | AC95: =SUM(B96:Z96) -> 0 | AE95: =Z70 -> 9 | AG95: =SUM(AC95,AE95) -> 9 | AK95: =SUM(#REF!,AG95) -> #REF!
A97: Theresa | B97: BUF | C97: CIN | D97: HOU | E97: LV | G97: PHI | H97: GB | I97: TB | J97: SF | L97: BAL | M97: LAR | N97: KC | P97: SEA | Q97: DET | R97: MIN | T97: BUF | V97: SF | X97: SF | AC97: =SUM(B98:Z98) -> 0 | AE97: =Z72 -> 7 | AG97: =SUM(AC97,AE97) -> 7 | AK97: =SUM(#REF!,AG97) -> #REF!
E98: X
A100: Name | D100: SEPT | I100: OCT | N100: NOV | T100: DEC | X100: JAN | Z100: Totals
B101: 4 | C101: 5 | D101: 8 | E101: 14 | F101: 22 | G101: 29 | H101: 5 | I101: 12 | J101: 20 | K101: 26 | L101: 2 | M101: 9 | N101: 13 | O101: 23 | P101: 27 | Q101: 27 | R101: 7 | S101: 11 | T101: 18 | U101: 21 | V101: 25 | W101: tbd | X101: tbd | Y101: tbd
A102: Gm# | B102: 1 | C102: 2 | D102: 3 | E102: 4 | F102: 5 | G102: 6 | H102: 7 | I102: 8 | J102: 9 | K102: 10 | L102: 11 | M102: 12 | N102: 13 | O102: 14 | P102: 15 | Q102: 16 | R102: 17 | S102: 18 | T102: 19 | U102: 20 | V102: 21 | W102: 22 | X102: 23 | Y102: 24
A103: Lisa B | B103: PHI | C103: LAC | D103: MIN | E103: LAR | F103: DET | G103: DEN | H103: LV | I103: PIT | J103: SEA | K103: NO | L103: SF | M103: BUF | N103: NYJ | O103: ARI | P103: DET | Q103: KC | R103: BAL | S103: TB | T103: SEA | U103: TB | V103: WAS | W103: LAC | X103: JAX | Y103: SF | Z103: =SUM(B104:Y104) -> 9
B104: =IF(B123="Philadelphia Eagles",1,0) -> 1 | C104: =IF(C123="Los Angeles Chargers",1,0) -> 1 | D104: =IF(D123="Minnesota Vikings",1,0) -> 1 | E104: =IF(E123="Los Angeles Rams",1,0) -> 1 | F104: =IF(F123="Detroit Lions",1,0) -> 1 | G104: =IF(G123="Denver Broncos",1,0) -> 1 | H104: =IF(H123="Las Vegas Raiders",1,0) -> 0 | I104: =IF(I123="Pittsburgh Steelers",1,0) -> 1 | J104: =IF(J123="Seattle Seahawks",1,0) -> 1 | K104: =IF(K123="New Orleans Saints",1,0) -> 0 | L104: =IF(L123="San Francisco 49ers",1,0) -> 1 | M104: =IF(M123="Buffalo Bills",1,0) -> 0 | N104: =IF(N123="New York Jets",1,0) -> 0 | O104: =IF(O123="Arizona Cardinals",1,0) -> 0 | P104: =IF(P123="Detroit Lions",1,0) -> 0 | Q104: =IF(Q123="Kansas City Chiefs",1,0) -> 0 | R104: =IF(R123="Baltimore Ravens",1,0) -> 0 | S104: =IF(S123="Tampa Bay Buccaneers",1,0) -> 0 | T104: =IF(T123="Seattle Seahawks",1,0) -> 0 | U104: =IF(U123="Tampa Bay Buccaneers",1,0) -> 0 | V104: =IF(V123="Washington Commanders",1,0) -> 0 | W104: =IF(W123="Los Angeles Chargers",1,0) -> 0 | X104: =IF(X123="Jacksonville Jaguars",1,0) -> 0 | Y104: =IF(Y123="San Francisco 49ers",1,0) -> 0
A105: John | B105: PHI | C105: LAC | D105: CHI | E105: LAR | F105: BAL | G105: DEN | H105: IND | I105: PIT | J105: HOU | K105: TB | L105: SF | M105: BUF | N105: NE | O105: JAX | P105: GB | Q105: KC | R105: BAL | S105: ATL | T105: SEA | U105: TB | V105: WAS | W105: LAC | X105: JAX | Y105: SF | Z105: =SUM(B106:Y106) -> 11
B106: =IF(B123="Philadelphia Eagles",1,0) -> 1 | C106: =IF(C123="Los Angeles Chargers",1,0) -> 1 | D106: =IF(D123="Chicago Bears",1,0) -> 0 | E106: =IF(E123="Los Angeles Rams",1,0) -> 1 | F106: =IF(F123="Baltimore Ravens",1,0) -> 0 | G106: =IF(G123="Denver Broncos",1,0) -> 1 | H106: =IF(H123="Indianapolis Colts",1,0) -> 1 | I106: =IF(I123="Pittsburgh Steelers",1,0) -> 1 | J106: =IF(J123="Houston Texans",1,0) -> 0 | K106: =IF(K123="Tampa Bay Buccaneers",1,0) -> 1 | L106: =IF(L123="San Francisco 49ers",1,0) -> 1 | M106: =IF(M123="Buffalo Bills",1,0) -> 0 | N106: =IF(N123="New England Patriots",1,0) -> 1 | O106: =IF(O123="Jacksonville Jaguars",1,0) -> 1 | P106: =IF(P123="Green Bay Packers",1,0) -> 1 | Q106: =IF(Q123="Kansas City Chiefs",1,0) -> 0 | R106: =IF(R123="Baltimore Ravens",1,0) -> 0 | S106: =IF(S123="Atlanta Falcons",1,0) -> 0 | T106: =IF(T123="Seattle Seahawks",1,0) -> 0 | U106: =IF(U123="Tampa Bay Buccaneers",1,0) -> 0 | V106: =IF(V123="Washington Commanders",1,0) -> 0 | W106: =IF(W123="Los Angeles Chargers",1,0) -> 0 | X106: =IF(X123="Jacksonville Jaguars",1,0) -> 0 | Y106: =IF(Y123="San Francisco 49ers",1,0) -> 0
A107: Forrest | B107: PHI | C107: KC | D107: MIN | E107: LAR | F107: BAL | G107: DEN | H107: LV | I107: PIT | J107: HOU | K107: TB | L107: SF | M107: BUF | N107: NYJ | O107: JAX | P107: DET | Q107: KC | R107: BAL | S107: TB | T107: LAR | U107: TB | V107: WAS | W107: DEN | X107: JAX | Y107: SF | Z107: =SUM(B108:Y108) -> 8
B108: =IF(B123="Philadelphia Eagles",1,0) -> 1 | C108: =IF(C123="Kansas City Chiefs",1,0) -> 0 | D108: =IF(D123="Minnesota Vikings",1,0) -> 1 | E108: =IF(E123="Los Angeles Rams",1,0) -> 1 | F108: =IF(F123="Baltimore Ravens",1,0) -> 0 | G108: =IF(G123="Denver Broncos",1,0) -> 1 | H108: =IF(H123="Las Vegas Raiders",1,0) -> 0 | I108: =IF(I123="Pittsburgh Steelers",1,0) -> 1 | J108: =IF(J123="Houston Texans",1,0) -> 0 | K108: =IF(K123="Tampa Bay Buccaneers",1,0) -> 1 | L108: =IF(L123="San Francisco 49ers",1,0) -> 1 | M108: =IF(M123="Buffalo Bills",1,0) -> 0 | N108: =IF(N123="New York Jets",1,0) -> 0 | O108: =IF(O123="Jacksonville Jaguars",1,0) -> 1 | P108: =IF(P123="Detroit Lions",1,0) -> 0 | Q108: =IF(Q123="Kansas City Chiefs",1,0) -> 0 | R108: =IF(R123="Baltimore Ravens",1,0) -> 0 | S108: =IF(S123="Tampa Bay Buccaneers",1,0) -> 0 | T108: =IF(T123="Los Angeles Rams",1,0) -> 0 | U108: =IF(U123="Tampa Bay Buccaneers",1,0) -> 0 | V108: =IF(V123="Washington Commanders",1,0) -> 0 | W108: =IF(W123="Denver Broncos",1,0) -> 0 | X108: =IF(X123="Jacksonville Jaguars",1,0) -> 0 | Y108: =IF(Y123="San Francisco 49ers",1,0) -> 0
A109: Jesse | B109: PHI | C109: KC | D109: MIN | E109: LAR | F109: BAL | G109: CIN | H109: IND | I109: PIT | J109: HOU | K109: TB | L109: SF | M109: BUF | N109: NE | O109: ARI | P109: DET | Q109: KC | R109: BAL | S109: ATL | T109: LAR | U109: TB | V109: WAS | W109: DEN | X109: TEN | Y109: SF | Z109: =SUM(B110:Y110) -> 8
B110: =IF(B123="Philadelphia Eagles",1,0) -> 1 | C110: =IF(C123="Kansas City Chiefs",1,0) -> 0 | D110: =IF(D123="Minnesota Vikings",1,0) -> 1 | E110: =IF(E123="Los Angeles Rams",1,0) -> 1 | F110: =IF(F123="Baltimore Ravens",1,0) -> 0 | G110: =IF(G123="Cincinnati Bengals",1,0) -> 0 | H110: =IF(H123="Indianapolis Colts",1,0) -> 1 | I110: =IF(I123="Pittsburgh Steelers",1,0) -> 1 | J110: =IF(J123="Houston Texans",1,0) -> 0 | K110: =IF(K123="Tampa Bay Buccaneers",1,0) -> 1 | L110: =IF(L123="San Francisco 49ers",1,0) -> 1 | M110: =IF(M123="Buffalo Bills",1,0) -> 0 | N110: =IF(N123="New England Patriots",1,0) -> 1 | O110: =IF(O123="Arizona Cardinals",1,0) -> 0 | P110: =IF(P123="Detroit Lions",1,0) -> 0 | Q110: =IF(Q123="Kansas City Chiefs",1,0) -> 0 | R110: =IF(R123="Baltimore Ravens",1,0) -> 0 | S110: =IF(S123="Atlanta Falcons",1,0) -> 0 | T110: =IF(T123="Los Angeles Rams",1,0) -> 0 | U110: =IF(U123="Tampa Bay Buccaneers",1,0) -> 0 | V110: =IF(V123="Washington Commanders",1,0) -> 0 | W110: =IF(W123="Denver Broncos",1,0) -> 0 | X110: =IF(X123="Tennessee Titans",1,0) -> 0 | Y110: =IF(Y123="San Francisco 49ers",1,0) -> 0
...

Sheet faves
A1: First | B1: nick | C1: Last | D1: fave
A2: Joe | C2: Battisti | D2: Texans
A3: Lisa | C3: Brelinski | D3: Chiefs | E3: Seahawks | F3: Oregon QBs: Chargers, Broncos, Browns
A4: Carrie | C4: Carleton | D4: Raiduz
A5: Dave | C5: Carleton | D5: 49ers
A6: Theresa | C6: Carleton | D6: 49ers
A7: Tom | C7: Carleton | D7: Raiduz
A8: Roberta | B8: Red Wing | C8: Crew | D8: Chiefs
A9: William | B9: Sweet | C9: Crew | D9: Chiefs
A10: Denise | C10: Deluna | D10: Cowboys
A11: Chrissy | C11: Dunham | E11: "when I win I'll let you know"
A12: Grant | C12: Dunham | D12: Cowboys
A13: Zack | C13: Dunham | D13: Eagles
A14: Forrest | C14: Fowles | D14: Denver
A15: Karen | C15: Hamllik | D15: Seahawks
A16: Tom | C16: Hamllik | D16: Bills
A17: Mike | B17: emjay | C17: Jacoby | D17: Chargers
A18: Sandy | B18: SJay | C18: Jacoby | D18: Broncos
A19: Jesse | C19: Jones | D19: Chiefs
A20: Brian | C20: McCormick | D20: Seahawks
A21: Shelley | C21: McCormick | D21: Seahawks | E21: 49ers
A22: John | C22: Plechinger | D22: Cowboys
A23: Frank | C23: Spengler | D23: 49ers
A24: Norma Jean | B24: Bloomers | C24: Zelinski | D24: Steelers
A28: Lori Lynn | C28: Hartill
A29: Colby | C29: Schmidt

Sheet team names
A1: full team names to be used for winners on rows 25, 74, and 123 on main
A2: Arizona Cardinals
A3: Atlanta Falcons
A4: Baltimore Ravens
A5: Buffalo Bills
A6: Carolina Panthers
A7: Chicago Bears
A8: Cincinnati Bengals
A9: Cleveland Browns
A10: Dallas Cowboys
A11: Denver Broncos
A12: Detroit Lions
... A33: Washington Commanders

Sheet regularseason
A1: Name | D1: SEPT | I1: OCT | N1: NOV | T1: DEC | X1: JAN | Z1: Totals
B2: 4 | C2: 5 | D2: 8 | E2: 14 | F2: 22 | G2: 29 | H2: 5 | I2: 12 | J2: 20 | K2: 26 | L2: 2 | M2: 9 | N2: 13 | O2: 23 | P2: 27 | Q2: 27 | R2: 7 | S2: 11 | T2: 18 | U2: 21 | V2: 25 | W2: tbd | X2: tbd | Y2: tbd
A3: Gm# | B3: 1 | C3: 2 | D3: 3 | E3: 4 | F3: 5 | G3: 6 | H3: 7 | I3: 8 | J3: 9 | K3: 10 | L3: 11 | M3: 12 | N3: 13 | O3: 14 | P3: 15 | Q3: 16 | R3: 17 | S3: 18 | T3: 19 | U3: 20 | V3: 21 | W3: 22 | X3: 23 | Y3: 24
A4: Lori Lynn | B4: PHI | C4: KC | D4: MIN | E4: LAR | F4: BAL | G4: DEN | H4: IND | I4: PIT | J4: HOU | K4: TB | L4: NYG | M4: BUF | N4: NYJ | O4: JAX | P4: DET | Q4: KC | R4: PIT | S4: TB | T4: LAR | U4: TB | V4: DAL | W4: DEN | X4: JAX | Y4: SEA | Z4: =SUM(B5:Y5) -> 2
B5: 1 | C5: 0 | D5: 1
A6: SJay | B6: PHI | C6: LAC | D6: CHI | E6: LAR | F6: BAL | G6: DEN | H6: IND | I6: PIT | J6: HOU | K6: TB | L6: NYG | M6: BUF | N6: NE | O6: ARI | P6: DET | Q6: KC | R6: BAL | S6: TB | T6: LAR | U6: TB | V6: WAS | W6: DEN | X6: TEN | Y6: SF | Z6: =SUM(B7:Y7) -> 2
B7: 1 | C7: 1 | D7: 0
A8: Boots | B8: PHI | C8: LAC | D8: CHI | E8: TEN | F8: BAL | G8: DEN | H8: IND | I8: PIT | J8: HOU | K8: TB | L8: NYG | M8: BUF | N8: NE | O8: ARI | P8: GB | Q8: KC | R8: BAL | S8: TB | T8: LAR | U8: TB | V8: DAL | W8: DEN | X8: TEN | Y8: SF | Z8: =SUM(B9:Y9) -> 2
B9: 1 | C9: 1 | D9: 0
A10: Colby | B10: PHI | C10: LAC | D10: MIN | E10: LAR | F10: BAL | G10: DEN | H10: LV | I10: PIT | J10: HOU | K10: TB | L10: SF | M10: BUF | N10: NE | O10: ARI | P10: DET | Q10: KC | R10: BAL | S10: TB | T10: LAR | U10: TB | V10: WAS | W10: DEN | X10: JAX | Y10: SF | Z10: =SUM(B11:Y11) -> 3
B11: 1 | C11: 1 | D11: 1
A12: Me | B12: PHI | C12: KC | D12: CHI | E12: LAR | F12: BAL | G12: DEN | H12: LV | I12: PIT | J12: HOU | K12: TB | L12: NYG | M12: BUF | N12: NE | O12: ARI | P12: DET | Q12: KC | R12: BAL | S12: TB | T12: LAR | U12: TB | V12: WAS | W12: DEN | X12: JAX | Y12: SF | Z12: =SUM(B13:Y13) -> 1
B13: 1 | C13: 0 | D13: 0
A14: Shelley | B14: PHI | C14: LAC | D14: MIN | E14: LAR | F14: BAL | G14: DEN | H14: IND | I14: PIT | J14: SEA | K14: NO | L14: SF | M14: BUF | N14: NE | O14: ARI | P14: DET | Q14: DAL | R14: BAL | S14: TB | T14: SEA | U14: TB | V14: DAL | W14: LAC | X14: JAX | Y14: SEA | Z14: =SUM(B15:Y15) -> 3
B15: 1 | C15: 1 | D15: 1
A16: Brian | B16: PHI | C16: KC | D16: MIN | E16: LAR | F16: DET | G16: DEN | H16: LV | I16: PIT | J16: SEA | K16: TB | L16: NYG | M16: MIA | N16: NE | O16: ARI | P16: DET | Q16: KC | R16: BAL | S16: ATL | T16: LAR | U16: CAR | V16: DAL | W16: DEN | X16: JAX | Y16: SF | Z16: =SUM(B17:Y17) -> 2
B17: 1 | C17: 0 | D17: 1
A18: Bloomers | B18: PHI | C18: KC | D18: MIN | E18: TEN | F18: BAL | G18: DEN | H18: LV | I18: PIT | J18: SEA | K18: TB | L18: NYG | M18: BUF | N18: NYJ | O18: JAX | P18: DET | Q18: KC | R18: BAL | S18: TB | T18: LAR | U18: TB | V18: WAS | W18: LAC | X18: JAX | Y18: SEA | Z18: =SUM(B19:Y19) -> 2
B19: 1 | C19: 0 | D19: 1
A20: Tom | B20: PHI | C20: KC | D20: CHI | E20: LAR | F20: BAL | G20: DEN | H20: IND | I20: PIT | J20: HOU | K20: TB | L20: SF | M20: BUF | N20: NE | O20: ARI | P20: DET | Q20: KC | R20: BAL | S20: TB | T20: LAR | U20: TB | V20: WAS | W20: DEN | X20: JAX | Y20: SF | Z20: =SUM(B21:Y21) -> 1
B21: 1 | C21: 0 | D21: 0
A22: Karen | B22: PHI | C22: KC | D22: MIN | E22: TEN | F22: BAL | G22: CIN | H22: LV | I22: PIT | J22: SEA | K22: NO | L22: SF | M22: BUF | N22: NE | O22: JAX | P22: GB | Q22: KC | R22: BAL | S22: TB | T22: SEA | U22: CAR | V22: WAS | W22: LAC | X22: TEN | Y22: SF | Z22: =SUM(B23:Y23) -> 2
B23: 1 | C23: 0 | D23: 1
A24: Denise | B24: DAL | C24: KC | D24: MIN | E24: TEN | F24: BAL | G24: CIN | H24: LV | I24: CLE | J24: SEA | K24: NO | L24: SF | M24: BUF | N24: NE | O24: ARI | P24: GB | Q24: KC | R24: BAL | S24: ATL | T24: LAR | U24: CAR | V24: WAS | W24: LAC | X24: JAX | Y24: SF | Z24: =SUM(B25:Y25) -> 1
B25: 0 | C25: 0 | D25: 1
A26: Frank | B26: PHI | C26: KC | D26: MIN | E26: LAR | F26: BAL | G26: DEN | H26: LV | I26: CLE | J26: SEA | K26: TB | L26: SF | M26: MIA | N26: NYJ | O26: ARI | P26: DET | Q26: KC | R26: BAL | S26: TB | T26: SEA | U26: TB | V26: DAL | W26: LAC | X26: TEN | Y26: SF | Z26: =SUM(B27:Y27) -> 2
B27: 1 | C27: 0 | D27: 1
A28: Tom C | B28: PHI | C28: LAC | D28: MIN | E28: TEN | F28: BAL | G28: CIN | H28: LV | I28: PIT | J28: HOU | K28: TB | L28: SF | M28: BUF | N28: NE | O28: ARI | P28: DET | Q28: KC | R28: BAL | S28: TB | T28: LAR | U28: TB | V28: WAS | W28: LAC | X28: TEN | Y28: SF | Z28: =SUM(B29:Y29) -> 3
B29: 1 | C29: 1 | D29: 1
A30: Carrie | B30: PHI | C30: LAC | D30: MIN | E30: LAR | F30: DET | G30: DEN | H30: LV | I30: PIT | J30: SEA | K30: TB | L30: SF | M30: BUF | N30: NE | O30: JAX | P30: DET | Q30: DAL | R30: BAL | S30: TB | T30: SEA | U30: TB | V30: WAS | W30: LAC | X30: JAX | Y30: SF | Z30: =SUM(B31:Y31) -> 3
B31: 1 | C31: 1 | D31: 1
A32: Al | B32: PHI | C32: KC | D32: CHI | E32: LAR | F32: BAL | G32: DEN | H32: IND | I32: PIT | J32: HOU | K32: TB | L32: SF | M32: BUF | N32: NE | O32: ARI | P32: DET | Q32: KC | R32: BAL | S32: TB | T32: LAR | U32: TB | V32: WAS | W32: DEN | X32: JAX | Y32: SF | Z32: =SUM(B33:Y33) -> 1
B33: 1 | C33: 0 | D33: 0
A34: Kaleb | B34: PHI | C34: LAC | D34: CHI | E34: LAR | F34: BAL | G34: DEN | H34: LV | I34: PIT | J34: HOU | K34: TB | L34: NYG | M34: BUF | N34: NE | O34: ARI | P34: GB | Q34: DAL | R34: BAL | S34: TB | T34: LAR | U34: TB | V34: WAS | W34: DEN | X34: JAX | Y34: SF | Z34: =SUM(B35:Y35) -> 2
B35: 1 | C35: 1 | D35: 0
A36: Winners | B36: PHI | C36: LAC | D36: MIN
A37: Name | D37: SEPT | I37: OCT | N37: NOV | T37: DEC | X37: JAN | Z37: Totals
B38: 4 | C38: 5 | D38: 8 | E38: 14 | F38: 22 | G38: 29 | H38: 5 | I38: 12 | J38: 20 | K38: 26 | L38: 2 | M38: 9 | N38: 13 | O38: 23 | P38: 27 | Q38: 27 | R38: 7 | S38: 11 | T38: 18 | U38: 21 | V38: 25 | W38: tbd | X38: tbd | Y38: tbd
A39: Gm# | B39: 1 | C39: 2 | D39: 3 | E39: 4 | F39: 5 | G39: 6 | H39: 7 | I39: 8 | J39: 9 | K39: 10 | L39: 11 | M39: 12 | N39: 13 | O39: 14 | P39: 15 | Q39: 16 | R39: 17 | S39: 18 | T39: 19 | U39: 20 | V39: 21 | W39: 22 | X39: 23 | Y39: 24
A40: Robyn | B40: PHI | C40: KC | D40: MIN | E40: LAR | F40: BAL | G40: CIN | H40: IND | I40: PIT | J40: HOU | K40: TB | L40: SF | M40: BUF | N40: NYJ | O40: ARI | P40: DET | Q40: KC | R40: BAL | S40: TB | T40: LAR | U40: TB | V40: WAS | W40: DEN | X40: JAX | Y40: SF | Z40: =SUM(B41:Y41) -> 2
B41: 1 | C41: 0 | D41: 1
A42: Kyle | B42: PHI | C42: KC | D42: MIN | E42: LAR | F42: BAL | G42: DEN | H42: LV | I42: PIT | J42: SEA | K42: TB | L42: SF | M42: BUF | N42: NE | O42: JAX | P42: DET | Q42: KC | R42: BAL | S42: TB | T42: SEA | U42: TB | V42: DAL | W42: LAC | X42: TEN | Y42: SEA | Z42: =SUM(B43:Y43) -> 2
B43: 1 | C43: 0 | D43: 1
A44: Dave C | B44: PHI | C44: LAC | D44: MIN | E44: LAR | F44: BAL | G44: DEN | H44: LV | I44: PIT | J44: HOU | K44: TB | L44: SF | M44: BUF | N44: NE | O44: ARI | P44: DET | Q44: KC | R44: BAL | S44: TB | T44: SEA | U44: TB | V44: DAL | W44: LAC | X44: JAX | Y44: SF | Z44: =SUM(B45:Y45) -> 3
B45: 1 | C45: 1 | D45: 1
A46: Theresa | B46: PHI | C46: LAC | D46: MIN | E46: LAR | F46: BAL | G46: CIN | H46: LV | I46: PIT | J46: HOU | K46: NO | L46: SF | M46: BUF | N46: NE | O46: ARI | P46: DET | Q46: KC | R46: BAL | S46: TB | T46: LAR | U46: TB | V46: WAS | W46: DEN | X46: JAX | Y46: SF | Z46: =SUM(B47:Y47) -> 3
B47: 1 | C47: 1 | D47: 1
A48: Lisa B | B48: PHI | C48: LAC | D48: MIN | E48: LAR | F48: DET | G48: DEN | H48: LV | I48: PIT | J48: SEA | K48: NO | L48: SF | M48: BUF | N48: NYJ | O48: ARI | P48: DET | Q48: KC | R48: BAL | S48: TB | T48: SEA | U48: TB | V48: WAS | W48: LAC | X48: JAX | Y48: SF | Z48: =SUM(B49:Y49) -> 3
B49: 1 | C49: 1 | D49: 1
A50: John | B50: PHI | C50: LAC | D50: CHI | E50: LAR | F50: BAL | G50: DEN | H50: IND | I50: PIT | J50: HOU | K50: TB | L50: SF | M50: BUF | N50: NE | O50: JAX | P50: GB | Q50: KC | R50: BAL | S50: ATL | T50: SEA | U50: TB | V50: WAS | W50: LAC | X50: JAX | Y50: SF | Z50: =SUM(B51:Y51) -> 2
B51: 1 | C51: 1 | D51: 0
A52: Forrest | B52: PHI | C52: KC | D52: MIN | E52: LAR | F52: BAL | G52: DEN | H52: LV | I52: PIT | J52: HOU | K52: TB | L52: SF | M52: BUF | N52: NYJ | O52: JAX | P52: DET | Q52: KC | R52: BAL | S52: TB | T52: LAR | U52: TB | V52: WAS | W52: DEN | X52: JAX | Y52: SF | Z52: =SUM(B53:Y53) -> 2
B53: 1 | C53: 0 | D53: 1
A54: Jesse | B54: PHI | C54: KC | D54: MIN | E54: LAR | F54: BAL | G54: CIN | H54: IND | I54: PIT | J54: HOU | K54: TB | L54: SF | M54: BUF | N54: NE | O54: ARI | P54: DET | Q54: KC | R54: BAL | S54: ATL | T54: LAR | U54: TB | V54: WAS | W54: DEN | X54: TEN | Y54: SF | Z54: =SUM(B55:Y55) -> 2
B55: 1 | C55: 0 | D55: 1
A56: Roberta | B56: PHI | C56: KC | D56: MIN | E56: LAR | F56: BAL | G56: DEN | H56: IND | I56: PIT | J56: SEA | K56: TB | L56: NYG | M56: MIA | N56: NYJ | O56: ARI | P56: DET | Q56: KC | R56: BAL | S56: TB | T56: SEA | U56: TB | V56: WAS | W56: DEN | X56: JAX | Y56: SEA | Z56: =SUM(B57:Y57) -> 2
B57: 1 | C57: 0 | D57: 1
A58: William | B58: PHI | C58: KC | D58: MIN | E58: LAR | F58: DET | G58: CIN | H58: IND | I58: PIT | J58: HOU | K58: TB | L58: SF | M58: BUF | N58: NYJ | O58: JAX | P58: DET | Q58: KC | R58: PIT | S58: ATL | T58: LAR | U58: TB | V58: WAS | W58: LAC | X58: JAX | Y58: SEA | Z58: =SUM(B59:Y59) -> 2
B59: 1 | C59: 0 | D59: 1
A60: Joe | B60: PHI | C60: KC | D60: CHI | E60: LAR | F60: DET | G60: CIN | H60: IND | I60: PIT | J60: HOU | K60: NO | L60: SF | M60: BUF | N60: NYJ | O60: JAX | P60: DET | Q60: KC | R60: BAL | S60: ATL | T60: SEA | U60: TB | V60: DAL | W60: DEN | X60: TEN | Y60: SEA | Z60: =SUM(B61:Y61) -> 1
B61: 1 | C61: 0 | D61: 0
A62: Grant | B62: PHI | C62: KC | D62: CHI | E62: LAR | F62: BAL | G62: DEN | H62: IND | I62: PIT | J62: SEA | K62: TB | L62: SF | M62: BUF | N62: NE | O62: ARI | P62: DET | Q62: KC | R62: BAL | S62: ATL | T62: SEA | U62: TB | V62: WAS | W62: DEN | X62: JAX | Y62: SEA | Z62: =SUM(B63:Y63) -> 1
B63: 1 | C63: 0 | D63: 0
A64: Zack | B64: PHI | C64: KC | D64: MIN | E64: LAR | F64: BAL | G64: DEN | H64: LV | I64: PIT | J64: SEA | K64: TB | L64: SF | M64: MIA | N64: NE | O64: ARI | P64: GB | Q64: KC | R64: BAL | S64: TB | T64: LAR | U64: TB | V64: WAS | W64: LAC | X64: JAX | Y64: SF | Z64: =SUM(B65:Y65) -> 2
B65: 1 | C65: 0 | D65: 1
A66: Chrissy | B66: PHI | C66: KC | D66: CHI | E66: LAR | F66: BAL | G66: DEN | H66: IND | I66: PIT | J66: HOU | K66: TB | L66: SF | M66: BUF | N66: NYJ | O66: ARI | P66: DET | Q66: KC | R66: BAL | S66: TB | T66: SEA | U66: TB | V66: WAS | W66: DEN | X66: JAX | Y66: SEA | Z66: =SUM(B67:Y67) -> 1
B67: 1 | C67: 0 | D67: 0
A68: Winners | B68: PHI | C68: LAC | D68: MIN

Sheet postseason
A1: NAME | B1: Divisional winners (2 pts each) | L1: Wildcard teams (3 pts each) | T1: SBteams3 | X1: Champ4 | AB1: Playoffs Total | AD1: Season Total | AF1: TOTALITY
B2: AFC | G2: NFC | L2: AFC | P2: NFC | T2: AFC | V2: NFC
B3: E | C3: N | D3: S | E3: W | G3: E | H3: N | I3: S | J3: W
A4: Lori Lynn | B4: BUF | C4: PIT | D4: IND | E4: KC | G4: PHI | H4: MIN | I4: TB | J4: LAR | L4: MIA | M4: HOU | N4: DEN | P4: DET | Q4: ATL | R4: SEA | T4: BUF | V4: PHI | X4: BUF
A6: SJay | B6: BUF | C6: PIT | D6: HOU | E6: KC | G6: PHI | H6: CHI | I6: TB | J6: LAR | L6: NE | M6: TEN | N6: DEN | P6: NYG | Q6: MIN | R6: ARI | T6: TEN | V6: CHI | X6: TEN
A8: Boots | B8: BUF | C8: BAL | D8: TEN | E8: KC | G8: NYG | H8: CHI | I8: TB | J8: ARI | L8: NE | M8: PIT | N8: DEN | P8: PHI | Q8: MIN | R8: LAR | T8: KC | V8: LAR | X8: LAR
A10: Colby | B10: BUF | C10: BAL | D10: HOU | E10: DEN | G10: PHI | H10: DET | I10: TB | J10: LAR | L10: KC | M10: CIN | N10: LAC | P10: SEA | Q10: GB | R10: WAS | T10: BAL | V10: PHI | X10: BAL
A12: Me | B12: BUF | C12: BAL | D12: HOU | E12: KC | G12: WAS | H12: GB | I12: TB | J12: LAR | L12: LAC | M12: DEN | N12: PIT | P12: PHI | Q12: DET | R12: ARI | T12: LAC | V12: GB | X12: LAC
A14: Shelley | B14: BUF | C14: BAL | D14: HOU | E14: LAC | G14: PHI | H14: DET | I14: ATL | J14: SEA | L14: PIT | M14: KC | N14: DEN | P14: MIN | Q14: LAR | R14: DAL | T14: BUF | V14: SEA | X14: BUF
A16: Brian | B16: NE | C16: PIT | D16: HOU | E16: KC | G16: DAL | H16: MIN | I16: TB | J16: LAR | L16: BAL | M16: BUF | N16: LAC | P16: PHI | Q16: DET | R16: SF | T16: BUF | V16: PHI | X16: BUF
A18: Bloomers | B18: BUF | C18: BAL | D18: TEN | E18: KC | G18: PHI | H18: DET | I18: TB | J18: LAR | L18: LAC | M18: PIT | N18: CIN | P18: MIN | Q18: GB | R18: WAS | T18: LAC | V18: PHI | X18: LAC
A20: Tom | B20: BUF | C20: BAL | D20: HOU | E20: KC | G20: PHI | H20: DET | I20: TB | J20: LAR | L20: BUF | M20: BAL | N20: KC | P20: PHI | Q20: DET | R20: LAR | T20: KC | V20: PHI | X20: KC
A22: Karen | B22: BUF | C22: BAL | D22: TEN | E22: KC | G22: PHI | H22: MIN | I22: ATL | J22: SEA | L22: CIN | M22: IND | N22: LV | P22: WAS | Q22: MIN | R22: SF | T22: BUF | V22: PHI | X22: BUF
A24: Denise | B24: BUF | C24: BAL | D24: TEN | E24: LV | G24: PHI | H24: DET | I24: TB | J24: SF | L24: DEN | M24: CIN | N24: LAC | P24: DET | Q24: LAR | R24: DAL | T24: KC | V24: PHI | X24: KC
A26: Frank | B26: MIA | C26: BAL | D26: HOU | E26: KC | G26: PHI | H26: GB | I26: TB | J26: SF | L26: BUF | M26: LAC | N26: PIT | P26: DET | Q26: LAR | R26: SEA | T26: SF | V26: KC | X26: SF
... A32: AL | B32: BUF | C32: BAL | D32: HOU | E32: KC | G32: PHI | H32: DET | I32: TB | J32: SF | L32: PIT | M32: DEN | N32: LAC | P32: WAS | Q32: GB | R32: LAR | T32: BAL | V32: PHI | X32: BAL
A35: NAME | B35: Divisional winners (2 pts each) | L35: Wildcard teams (3 pts each) | T35: SBteams3 | X35: Champ4 | AB35: Playoffs Total | AD35: Season Total | AF35: TOTALITY
B36: AFC | G36: NFC | L36: AFC | P36: NFC | T36: AFC | V36: NFC
B37: E | C37: N | D37: S | E37: W | G37: E | H37: N | I37: S | J37: W
A38: Kaleb | B38: BUF | C38: BAL | D38: HOU | E38: DEN | G38: PHI | H38: GB | I38: TB | J38: LAR | L38: CIN | M38: PIT | N38: KC | P38: WAS | Q38: DET | R38: SF | T38: BUF | V38: LAR | X38: BUF
A40: Robyn | B40: BUF | C40: BAL | D40: HOU | E40: KC | G40: PHI | H40: DET | I40: TB | J40: SF | L40: CIN | M40: JAX | N40: DEN | P40: ATL | Q40: LAR | R40: GB | T40: SF | V40: KC | X40: SF
A42: Kyle | B42: BUF | C42: BAL | D42: HOU | E42: KC | G42: PHI | H42: GB | I42: TB | J42: SEA | L42: CIN | M42: LAC | N42: NE | P42: WAS | Q42: DET | R42: LAR | T42: BUF | V42: PHI | X42: BUF
A44: Dave C | B44: BUF | C44: BAL | D44: HOU | E44: KC | G44: PHI | H44: DET | I44: TB | J44: SF | L44: CIN | M44: LAC | N44: MIA | P44: GB | Q44: LAR | R44: DAL | T44: SF | V44: BAL | X44: SF
A46: Theresa | B46: BUF | C46: CIN | D46: HOU | E46: LV | G46: PHI | H46: GB | I46: TB | J46: SF | L46: BAL | M46: LAR | N46: KC | P46: SEA | Q46: DET | R46: MIN | T46: SF | V46: BUF | X46: SF
A48: Lisa B | B48: BUF | C48: BAL | D48: HOU | E48: KC | G48: PHI | H48: DET | I48: NO | J48: LAR | L48: LAC | M48: PIT | N48: DEN | P48: TB | Q48: SF | R48: SEA | T48: KC | V48: DET | X48: BUF
A50: John | B50: BUF | C50: BAL | D50: HOU | E50: LAC | G50: PHI | H50: GB | I50: ATL | J50: SF | L50: KC | M50: PIT | N50: DEN | P50: DET | Q50: TB | R50: LAR | T50: BAL | V50: PHI | X50: BAL
A52: Forrest | B52: BUF | C52: BAL | D52: HOU | E52: DEN | G52: PHI | H52: GB | I52: TB | J52: LAR | L52: KC | M52: LAC | N52: CIN | P52: DET | Q52: SF | R52: WAS | T52: BUF | V52: DET | X52: BUF
A54: Jessse | B54: BUF | C54: BAL | D54: HOU | E54: KC | G54: WAS | H54: DET | I54: ATL | J54: LAR | L54: CIN | M54: DEN | N54: MIA | P54: PHI | Q54: GB | R54: SF | T54: BAL | V54: DET | X54: BAL
A56: Roberta | B56: MIA | C56: BAL | D56: HOU | E56: KC | G56: PHI | H56: MIN | I56: TB | J56: SEA | L56: BUF | M56: TEN | N56: DEN | P56: DAL | Q56: LAR | R56: GB | T56: KC | V56: PHI | X56: KC
A58: William | B58: BUF | C58: BAL | D58: HOU | E58: KC | G58: PHI | H58: DET | I58: TB | J58: SEA | L58: MIA | M58: DEN | N58: IND | P58: MIN | Q58: LAR | R58: DAL | T58: KC | V58: PHI | X58: KC
A60: Joe | B60: BUF | C60: CIN | D60: HOU | E60: KC | G60: PHI | H60: DET | I60: ATL | J60: SEA | L60: PIT | M60: TEN | N60: LAC | P60: WAS | Q60: GB | R60: LAR | T60: BUF | V60: PHI | X60: BUF
... A66: Chrissy | B66: BUF | C66: CIN | D66: HOU | E66: KC | G66: PHI | H66: GB | I66: TB | J66: SEA | L66: LAC | M66: PIT | N66: IND | P66: WAS | Q66: LAR | R66: GB | T66: BUF | V66: PHI | X66: BUF

Sheet Week-by-Week Games Table (2)
A1: Column1 | B1: Column2 | C1: Column3 | D1: Column4 | E1: Column5 | F1: Column6 | G1: Column7 | H1: Column8 | I1: Column9 | J1: Column10 | K1: Column11 | L1: Column12 | M1: Column13 | N1: Column14 | O1: Column15 | P1: Column16 | Q1: NFL_Teams | R1: Abbreviation
A2: Week | B2: Day | C2: Date | D2: Time | E2: Winner/tie | G2: Loser/tie | I2: PtsW | J2: PtsL | K2: YdsW | L2: TOW | M2: YdsL | N2: TOL | O2: =IF(I2>J2, E2, IF(I2<J2, G2, "Tie")) -> Winner/tie | Q2: NFL_Teams | R2: ABB
A3: 1 | B3: Thu | C3: 2024-09-05 | D3: 8:20PM | E3: Kansas City Chiefs | G3: Baltimore Ravens | H3: boxscore | I3: 27 | J3: 20 | K3: 353 | L3: 1 | M3: 452 | N3: 1 | O3: =IF(I3>J3, E3, IF(I3<J3, G3, "Tie")) -> Kansas City Chiefs | P3: 1 | Q3: Arizona Cardinals | R3: ARI
A4: 1 | B4: Fri | C4: 2024-09-06 | D4: 8:15PM | E4: Philadelphia Eagles | G4: Green Bay Packers | H4: boxscore | I4: 34 | J4: 29 | K4: 410 | L4: 3 | M4: 414 | N4: 1 | O4: =IF(I4>J4, E4, IF(I4<J4, G4, "Tie")) -> Philadelphia Eagles | P4: 2 | Q4: Atlanta Falcons | R4: ATL
A5: 1 | B5: Sun | C5: 2024-09-08 | D5: 1:00PM | E5: Pittsburgh Steelers | F5: @ | G5: Atlanta Falcons | H5: boxscore | I5: 18 | J5: 10 | K5: 270 | L5: 0 | M5: 226 | N5: 3 | O5: =IF(I5>J5, E5, IF(I5<J5, G5, "Tie")) -> Pittsburgh Steelers | Q5: Baltimore Ravens | R5: BAL
A6: 1 | B6: Sun | C6: 2024-09-08 | D6: 1:00PM | E6: Buffalo Bills | G6: Arizona Cardinals | H6: boxscore | I6: 34 | J6: 28 | K6: 352 | L6: 1 | M6: 270 | N6: 1 | O6: =IF(I6>J6, E6, IF(I6<J6, G6, "Tie")) -> Buffalo Bills | Q6: Buffalo Bills | R6: BUF
A7: 1 | B7: Sun | C7: 2024-09-08 | D7: 1:00PM | E7: New Orleans Saints | G7: Carolina Panthers | H7: boxscore | I7: 47 | J7: 10 | K7: 379 | L7: 1 | M7: 193 | N7: 3 | O7: =IF(I7>J7, E7, IF(I7<J7, G7, "Tie")) -> New Orleans Saints | Q7: Carolina Panthers | R7: CAR
A8: 1 | B8: Sun | C8: 2024-09-08 | D8: 1:00PM | E8: Chicago Bears | G8: Tennessee Titans | H8: boxscore | I8: 24 | J8: 17 | K8: 148 | L8: 1 | M8: 244 | N8: 3 | O8: =IF(I8>J8, E8, IF(I8<J8, G8, "Tie")) -> Chicago Bears | Q8: Chicago Bears | R8: CHX
A9: 1 | B9: Sun | C9: 2024-09-08 | D9: 1:00PM | E9: New England Patriots | F9: @ | G9: Cincinnati Bengals | H9: boxscore | I9: 16 | J9: 10 | K9: 290 | L9: 0 | M9: 224 | N9: 2 | O9: =IF(I9>J9, E9, IF(I9<J9, G9, "Tie")) -> New England Patriots | Q9: Cincinnati Bengals | R9: CIN
A10: 1 | B10: Sun | C10: 2024-09-08 | D10: 1:00PM | E10: Houston Texans | F10: @ | G10: Indianapolis Colts | H10: boxscore | I10: 29 | J10: 27 | K10: 417 | L10: 0 | M10: 303 | N10: 1 | O10: =IF(I10>J10, E10, IF(I10<J10, G10, "Tie")) -> Houston Texans | Q10: Cleveland Browns | R10: CLE
A11: 1 | B11: Sun | C11: 2024-09-08 | D11: 1:00PM | E11: Miami Dolphins | G11: Jacksonville Jaguars | H11: boxscore | I11: 20 | J11: 17 | K11: 400 | L11: 0 | M11: 267 | N11: 1 | O11: =IF(I11>J11, E11, IF(I11<J11, G11, "Tie")) -> Miami Dolphins | Q11: Dallas Cowboys | R11: DAL
A12: 1 | B12: Sun | C12: 2024-09-08 | D12: 1:00PM | E12: Minnesota Vikings | F12: @ | G12: New York Giants | H12: boxscore | I12: 28 | J12: 6 | K12: 312 | L12: 2 | M12: 240 | N12: 2 | O12: =IF(I12>J12, E12, IF(I12<J12, G12, "Tie")) -> New York Giants | Q12: Denver Broncos | R12: DEN
A13: 1 | B13: Sun | C13: 2024-09-08 | D13: 4:05PM | E13: Seattle Seahawks | G13: Denver Broncos | H13: boxscore | I13: 26 | J13: 20 | K13: 304 | L13: 2 | M13: 231 | N13: 3 | O13: =IF(I13>J13, E13, IF(I13<J13, G13, "Tie")) -> Seattle Seahawks | Q13: Detroit Lions | R13: DEX
A14: 1 | B14: Sun | C14: 2024-09-08 | D14: 4:05PM | E14: Los Angeles Chargers | G14: Las Vegas Raiders | H14: boxscore | I14: 22 | J14: 10 | K14: 316 | L14: 0 | M14: 296 | N14: 3 | O14: =IF(I14>J14, E14, IF(I14<J14, G14, "Tie")) -> Los Angeles Chargers | Q14: Green Bay Packers | R14: GB
A15: 1 | B15: Sun | C15: 2024-09-08 | D15: 4:25PM | E15: Dallas Cowboys | F15: @ | G15: Cleveland Browns | H15: boxscore | I15: 33 | J15: 17 | K15: 265 | L15: 0 | M15: 230 | N15: 2 | O15: =IF(I15>J15, E15, IF(I15<J15, G15, "Tie")) -> Dallas Cowboys | Q15: Houston Texans | R15: HOU
A16: 1 | B16: Sun | C16: 2024-09-08 | D16: 4:25PM | E16: Tampa Bay Buccaneers | G16: Washington Commanders | H16: boxscore | I16: 37 | J16: 20 | K16: 392 | L16: 0 | M16: 299 | N16: 0 | O16: =IF(I16>J16, E16, IF(I16<J16, G16, "Tie")) -> Tampa Bay Buccaneers | Q16: Indianapolis Colts | R16: IND
A17: 1 | B17: Sun | C17: 2024-09-08 | D17: 8:20PM | E17: Detroit Lions | G17: Los Angeles Rams | H17: boxscore | I17: 26 | J17: 20 | K17: 363 | L17: 1 | M17: 387 | N17: 1 | O17: =IF(I17>J17, E17, IF(I17<J17, G17, "Tie")) -> Detroit Lions | Q17: Jacksonville Jaguars | R17: JAX
A18: 1 | B18: Mon | C18: 2024-09-09 | D18: 8:15PM | E18: San Francisco 49ers | G18: New York Jets | H18: boxscore | I18: 32 | J18: 19 | K18: 401 | L18: 0 | M18: 266 | N18: 2 | O18: =IF(I18>J18, E18, IF(I18<J18, G18, "Tie")) -> San Francisco 49ers | P18: 3 | Q18: Kansas City Chiefs | R18: KC
A19: Week | B19: Day | C19: Date | D19: Time | E19: Winner/tie | G19: Loser/tie | I19: PtsW | J19: PtsL | K19: YdsW | L19: TOW | M19: YdsL | N19: TOL | O19: =IF(I19>J19, E19, IF(I19<J19, G19, "Tie")) -> Winner/tie | Q19: Las Vegas Raiders | R19: LV
A20: 2 | B20: Thu | C20: 2024-09-12 | D20: 8:15PM | E20: Buffalo Bills | F20: @ | G20: Miami Dolphins | H20: boxscore | I20: 31 | J20: 10 | K20: 247 | L20: 0 | M20: 351 | N20: 3 | O20: =IF(I20>J20, E20, IF(I20<J20, G20, "Tie")) -> Buffalo Bills | P20: 4 | Q20: Los Angeles Chargers | R20: LAC
A21: 2 | B21: Sun | C21: 2024-09-15 | D21: 1:00PM | E21: Los Angeles Chargers | F21: @ | G21: Carolina Panthers | H21: boxscore | I21: 26 | J21: 3 | K21: 349 | L21: 2 | M21: 159 | N21: 1 | O21: =IF(I21>J21, E21, IF(I21<J21, G21, "Tie")) -> Carolina Panthers | Q21: Los Angeles Rams | R21: LAR
A22: 2 | B22: Sun | C22: 2024-09-15 | D22: 1:00PM | E22: Cleveland Browns | F22: @ | G22: Jacksonville Jaguars | H22: boxscore | I22: 18 | J22: 13 | K22: 297 | L22: 0 | M22: 323 | N22: 0 | O22: =IF(I22>J22, E22, IF(I22<J22, G22, "Tie")) -> Cleveland Browns | Q22: Miami Dolphins | R22: MIA
A23: 2 | B23: Sun | C23: 2024-09-15 | D23: 1:00PM | E23: Green Bay Packers | G23: Indianapolis Colts | H23: boxscore | I23: 16 | J23: 10 | K23: 383 | L23: 1 | M23: 338 | N23: 3 | O23: =IF(I23>J23, E23, IF(I23<J23, G23, "Tie")) -> Green Bay Packers | Q23: Minnesota Vikings | R23: MIN
A24: 2 | B24: Sun | C24: 2024-09-15 | D24: 1:00PM | E24: New Orleans Saints | F24: @ | G24: Dallas Cowboys | H24: boxscore | I24: 44 | J24: 19 | K24: 432 | L24: 1 | M24: 353 | N24: 2 | O24: =IF(I24>J24, E24, IF(I24<J24, G24, "Tie")) -> New Orleans Saints | Q24: New England Patriots | R24: NE
A25: 2 | B25: Sun | C25: 2024-09-15 | D25: 1:00PM | E25: Tampa Bay Buccaneers | F25: @ | G25: Detroit Lions | H25: boxscore | I25: 20 | J25: 16 | K25: 216 | L25: 1 | M25: 463 | N25: 2 | O25: =IF(I25>J25, E25, IF(I25<J25, G25, "Tie")) -> Tampa Bay Buccaneers | Q25: New Orleans Saints | R25: NO
A26: 2 | B26: Sun | C26: 2024-09-15 | D26: 1:00PM | E26: Minnesota Vikings | G26: San Francisco 49ers | H26: boxscore | I26: 23 | J26: 17 | K26: 403 | L26: 2 | M26: 396 | N26: 2 | O26: =IF(I26>J26, E26, IF(I26<J26, G26, "Tie")) -> Minnesota Vikings | Q26: New York Giants | R26: NYG
A27: 2 | B27: Sun | C27: 2024-09-15 | D27: 1:00PM | E27: Seattle Seahawks | F27: @ | G27: New England Patriots | H27: boxscore | I27: 23 | J27: 20 | K27: 358 | L27: 0 | M27: 310 | N27: 0 | O27: =IF(I27>J27, E27, IF(I27<J27, G27, "Tie")) -> Seattle Seahawks | Q27: New York Jets | R27: NYJ
A28: 2 | B28: Sun | C28: 2024-09-15 | D28: 1:00PM | E28: Washington Commanders | G28: New York Giants | H28: boxscore | I28: 21 | J28: 18 | K28: 425 | L28: 0 | M28: 304 | N28: 1 | O28: =IF(I28>J28, E28, IF(I28<J28, G28, "Tie")) -> Washington Commanders | Q28: Philadelphia Eagles | R28: PHI
A29: 2 | B29: Sun | C29: 2024-09-15 | D29: 1:00PM | E29: New York Jets | F29: @ | G29: Tennessee Titans | H29: boxscore | I29: 24 | J29: 17 | K29: 265 | L29: 0 | M29: 300 | N29: 2 | O29: =IF(I29>J29, E29, IF(I29<J29, G29, "Tie")) -> New York Jets | Q29: Pittsburgh Steelers | R29: PIT
A30: 2 | B30: Sun | C30: 2024-09-15 | D30: 1:00PM | E30: Las Vegas Raiders | F30: @ | G30: Baltimore Ravens | H30: boxscore | I30: 26 | J30: 23 | K30: 260 | L30: 1 | M30: 383 | N30: 1 | O30: =IF(I30>J30, E30, IF(I30<J30, G30, "Tie")) -> Las Vegas Raiders | Q30: San Francisco 49ers | R30: SF
A31: 2 | B31: Sun | C31: 2024-09-15 | D31: 4:05PM | E31: Arizona Cardinals | G31: Los Angeles Rams | H31: boxscore | I31: 41 | J31: 10 | K31: 489 | L31: 1 | M31: 245 | N31: 1 | O31: =IF(I31>J31, E31, IF(I31<J31, G31, "Tie")) -> Arizona Cardinals | Q31: Seattle Seahawks | R31: SEA
A32: 2 | B32: Sun | C32: 2024-09-15 | D32: 4:25PM | E32: Kansas City Chiefs | G32: Cincinnati Bengals | H32: boxscore | I32: 26 | J32: 25 | K32: 286 | L32: 3 | M32: 320 | N32: 1 | O32: =IF(I32>J32, E32, IF(I32<J32, G32, "Tie")) -> Kansas City Chiefs | Q32: Tampa Bay Buccaneers | R32: TB
A33: 2 | B33: Sun | C33: 2024-09-15 | D33: 4:25PM | E33: Pittsburgh Steelers | F33: @ | G33: Denver Broncos | H33: boxscore | I33: 13 | J33: 6 | K33: 251 | L33: 0 | M33: 295 | N33: 2 | O33: =IF(I33>J33, E33, IF(I33<J33, G33, "Tie")) -> Denver Broncos | Q33: Tennessee Titans | R33: TEN
A34: 2 | B34: Sun | C34: 2024-09-15 | D34: 8:20PM | E34: Houston Texans | G34: Chicago Bears | H34: boxscore | I34: 19 | J34: 13 | K34: 310 | L34: 1 | M34: 205 | N34: 2 | O34: =IF(I34>J34, E34, IF(I34<J34, G34, "Tie")) -> Houston Texans | Q34: Washington Commanders | R34: WAS
A35: 2 | B35: Mon | C35: 2024-09-16 | D35: 8:15PM | E35: Atlanta Falcons | F35: @ | G35: Philadelphia Eagles | H35: boxscore | I35: 22 | J35: 21 | K35: 385 | L35: 0 | M35: 365 | N35: 1 | O35: =IF(I35>J35, E35, IF(I35<J35, G35, "Tie")) -> Atlanta Falcons | P35: 5
A36: Week | B36: Day | C36: Date | D36: Time | E36: Winner/tie | G36: Loser/tie | I36: PtsW | J36: PtsL | K36: YdsW | L36: TOW | M36: YdsL | N36: TOL | O36: =IF(I36>J36, E36, IF(I36<J36, G36, "Tie")) -> Winner/tie
A37: 3 | B37: Thu | C37: 2024-09-19 | D37: 8:15PM | E37: New York Jets | G37: New England Patriots | H37: boxscore | I37: 24 | J37: 3 | K37: 400 | L37: 0 | M37: 139 | N37: 1 | O37: New York Jets | P37: 6
A38: 3 | B38: Sun | C38: 2024-09-22 | D38: 1:00PM | E38: Indianapolis Colts | G38: Chicago Bears | H38: boxscore | I38: 21 | J38: 16 | K38: 306 | L38: 2 | M38: 395 | N38: 3 | O38: =IF(I38>J38, E38, IF(I38<J38, G38, "Tie")) -> Indianapolis Colts
A39: 3 | B39: Sun | C39: 2024-09-22 | D39: 1:00PM | E39: New York Giants | F39: @ | G39: Cleveland Browns | H39: boxscore | I39: 21 | J39: 15 | K39: 340 | L39: 2 | M39: 217 | N39: 2 | O39: =IF(I39>J39, E39, IF(I39<J39, G39, "Tie")) -> New York Giants
A40: 3 | B40: Sun | C40: 2024-09-22 | D40: 1:00PM | E40: Denver Broncos | F40: @ | G40: Tampa Bay Buccaneers | H40: boxscore | I40: 26 | J40: 7 | K40: 352 | L40: 1 | M40: 223 | N40: 2 | O40: =IF(I40>J40, E40, IF(I40<J40, G40, "Tie")) -> Tampa Bay Buccaneers
A41: 3 | B41: Sun | C41: 2024-09-22 | D41: 1:00PM | E41: Green Bay Packers | F41: @ | G41: Tennessee Titans | H41: boxscore | I41: 30 | J41: 14 | K41: 378 | L41: 0 | M41: 237 | N41: 3 | O41: =IF(I41>J41, E41, IF(I41<J41, G41, "Tie")) -> Green Bay Packers
A42: 3 | B42: Sun | C42: 2024-09-22 | D42: 1:00PM | E42: Minnesota Vikings | G42: Houston Texans | H42: boxscore | I42: 34 | J42: 7 | K42: 274 | L42: 0 | M42: 296 | N42: 2 | O42: =IF(I42>J42, E42, IF(I42<J42, G42, "Tie")) -> Houston Texans
A43: 3 | B43: Sun | C43: 2024-09-22 | D43: 1:00PM | E43: Philadelphia Eagles | F43: @ | G43: New Orleans Saints | H43: boxscore | I43: 15 | J43: 12 | K43: 460 | L43: 2 | M43: 219 | N43: 1 | O43: =IF(I43>J43, E43, IF(I43<J43, G43, "Tie")) -> Philadelphia Eagles
A44: 3 | B44: Sun | C44: 2024-09-22 | D44: 1:00PM | E44: Pittsburgh Steelers | G44: Los Angeles Chargers | H44: boxscore | I44: 20 | J44: 10 | K44: 346 | L44: 1 | M44: 166 | N44: 0 | O44: =IF(I44>J44, E44, IF(I44<J44, G44, "Tie")) -> Pittsburgh Steelers
A45: 3 | B45: Sun | C45: 2024-09-22 | D45: 4:05PM | E45: Carolina Panthers | F45: @ | G45: Las Vegas Raiders | H45: boxscore | I45: 36 | J45: 22 | K45: 437 | L45: 0 | M45: 331 | N45: 1 | O45: =IF(I45>J45, E45, IF(I45<J45, G45, "Tie")) -> Carolina Panthers
A46: 3 | B46: Sun | C46: 2024-09-22 | D46: 4:05PM | E46: Seattle Seahawks | G46: Miami Dolphins | H46: boxscore | I46: 24 | J46: 3 | K46: 370 | L46: 2 | M46: 205 | N46: 0 | O46: =IF(I46>J46, E46, IF(I46<J46, G46, "Tie")) -> Miami Dolphins
A47: 3 | B47: Sun | C47: 2024-09-22 | D47: 4:25PM | E47: Detroit Lions | F47: @ | G47: Arizona Cardinals | H47: boxscore | I47: 20 | J47: 13 | K47: 373 | L47: 1 | M47: 277 | N47: 1 | O47: =IF(I47>J47, E47, IF(I47<J47, G47, "Tie")) -> Detroit Lions
A48: 3 | B48: Sun | C48: 2024-09-22 | D48: 4:25PM | E48: Baltimore Ravens | F48: @ | G48: Dallas Cowboys | H48: boxscore | I48: 28 | J48: 25 | K48: 456 | L48: 0 | M48: 412 | N48: 1 | O48: =IF(I48>J48, E48, IF(I48<J48, G48, "Tie")) -> Baltimore Ravens
A49: 3 | B49: Sun | C49: 2024-09-22 | D49: 4:25PM | E49: Los Angeles Rams | G49: San Francisco 49ers | H49: boxscore | I49: 27 | J49: 24 | K49: 296 | L49: 0 | M49: 425 | N49: 1 | O49: =IF(I49>J49, E49, IF(I49<J49, G49, "Tie")) -> Los Angeles Rams
A50: 3 | B50: Sun | C50: 2024-09-22 | D50: 8:20PM | E50: Kansas City Chiefs | F50: @ | G50: Atlanta Falcons | H50: boxscore | I50: 22 | J50: 17 | K50: 345 | L50: 1 | M50: 311 | N50: 1 | O50: =IF(I50>J50, E50, IF(I50<J50, G50, "Tie")) -> Kansas City Chiefs
A51: 3 | B51: Mon | C51: 2024-09-23 | D51: 7:30PM | E51: Buffalo Bills | G51: Jacksonville Jaguars | H51: boxscore | I51: 47 | J51: 10 | K51: 388 | L51: 0 | M51: 239 | N51: 2 | O51: =IF(I51>J51, E51, IF(I51<J51, G51, "Tie")) -> Buffalo Bills | P51: 7
A52: 3 | B52: Mon | C52: 2024-09-23 | D52: 8:15PM | E52: Washington Commanders | F52: @ | G52: Cincinnati Bengals | H52: boxscore | I52: 38 | J52: 33 | K52: 356 | L52: 0 | M52: 436 | N52: 0 | O52: =IF(I52>J52, E52, IF(I52<J52, G52, "Tie")) -> Washington Commanders | P52: 8
A53: Week | B53: Day | C53: Date | D53: Time | E53: Winner/tie | G53: Loser/tie | I53: PtsW | J53: PtsL | K53: YdsW | L53: TOW | M53: YdsL | N53: TOL | O53: =IF(I53>J53, E53, IF(I53<J53, G53, "Tie")) -> Winner/tie
A54: 4 | B54: Thu | C54: 2024-09-26 | D54: 8:15PM | E54: Dallas Cowboys | F54: @ | G54: New York Giants | H54: boxscore | I54: 20 | J54: 15 | K54: 293 | L54: 0 | M54: 303 | N54: 1 | O54: =IF(I54>J54, E54, IF(I54<J54, G54, "Tie")) -> Dallas Cowboys | P54: 9
A55: 4 | B55: Sun | C55: 2024-09-29 | D55: 1:00PM | E55: Atlanta Falcons | G55: New Orleans Saints | H55: boxscore | I55: 26 | J55: 24 | K55: 315 | L55: 1 | M55: 366 | N55: 2 | O55: =IF(I55>J55, E55, IF(I55<J55, G55, "Tie")) -> Atlanta Falcons
A56: 4 | B56: Sun | C56: 2024-09-29 | D56: 1:00PM | E56: Cincinnati Bengals | F56: @ | G56: Carolina Panthers | H56: boxscore | I56: 34 | J56: 24 | K56: 373 | L56: 1 | M56: 375 | N56: 1 | O56: =IF(I56>J56, E56, IF(I56<J56, G56, "Tie")) -> Cincinnati Bengals
A57: 4 | B57: Sun | C57: 2024-09-29 | D57: 1:00PM | E57: Chicago Bears | G57: Los Angeles Rams | H57: boxscore | I57: 24 | J57: 18 | K57: 264 | L57: 0 | M57: 322 | N57: 2 | O57: =IF(I57>J57, E57, IF(I57<J57, G57, "Tie")) -> Chicago Bears
A58: 4 | B58: Sun | C58: 2024-09-29 | D58: 1:00PM | E58: Indianapolis Colts | G58: Pittsburgh Steelers | H58: boxscore | I58: 27 | J58: 24 | K58: 358 | L58: 0 | M58: 404 | N58: 2 | O58: =IF(I58>J58, E58, IF(I58<J58, G58, "Tie")) -> Indianapolis Colts
A59: 4 | B59: Sun | C59: 2024-09-29 | D59: 1:00PM | E59: Denver Broncos | F59: @ | G59: New York Jets | H59: boxscore | I59: 10 | J59: 9 | K59: 186 | L59: 1 | M59: 248 | N59: 1 | O59: =IF(I59>J59, E59, IF(I59<J59, G59, "Tie")) -> New York Jets
A60: 4 | B60: Sun | C60: 2024-09-29 | D60: 1:00PM | E60: Minnesota Vikings | F60: @ | G60: Green Bay Packers | H60: boxscore | I60: 31 | J60: 29 | K60: 374 | L60: 3 | M60: 465 | N60: 4 | O60: =IF(I60>J60, E60, IF(I60<J60, G60, "Tie")) -> Minnesota Vikings
A61: 4 | B61: Sun | C61: 2024-09-29 | D61: 1:00PM | E61: Houston Texans | G61: Jacksonville Jaguars | H61: boxscore | I61: 24 | J61: 20 | K61: 435 | L61: 1 | M61: 313 | N61: 0 | O61: =IF(I61>J61, E61, IF(I61<J61, G61, "Tie")) -> Houston Texans
A62: 4 | B62: Sun | C62: 2024-09-29 | D62: 1:00PM | E62: Tampa Bay Buccaneers | G62: Philadelphia Eagles | H62: boxscore | I62: 33 | J62: 16 | K62: 445 | L62: 0 | M62: 227 | N62: 2 | O62: =IF(I62>J62, E62, IF(I62<J62, G62, "Tie")) -> Tampa Bay Buccaneers
A63: 4 | B63: Sun | C63: 2024-09-29 | D63: 4:05PM | E63: Washington Commanders | F63: @ | G63: Arizona Cardinals | H63: boxscore | I63: 42 | J63: 14 | K63: 449 | L63: 1 | M63: 296 | N63: 1 | O63: =IF(I63>J63, E63, IF(I63<J63, G63, "Tie")) -> Washington Commanders
A64: 4 | B64: Sun | C64: 2024-09-29 | D64: 4:05PM | E64: San Francisco 49ers | G64: New England Patriots | H64: boxscore | I64: 30 | J64: 13 | K64: 431 | L64: 2 | M64: 216 | N64: 3 | O64: =IF(I64>J64, E64, IF(I64<J64, G64, "Tie")) -> San Francisco 49ers
A65: 4 | B65: Sun | C65: 2024-09-29 | D65: 4:25PM | E65: Las Vegas Raiders | G65: Cleveland Browns | H65: boxscore | I65: 20 | J65: 16 | K65: 268 | L65: 1 | M65: 241 | N65: 1 | O65: =IF(I65>J65, E65, IF(I65<J65, G65, "Tie")) -> Las Vegas Raiders
A66: 4 | B66: Sun | C66: 2024-09-29 | D66: 4:25PM | E66: Kansas City Chiefs | F66: @ | G66: Los Angeles Chargers | H66: boxscore | I66: 17 | J66: 10 | K66: 329 | L66: 2 | M66: 224 | N66: 0 | O66: =IF(I66>J66, E66, IF(I66<J66, G66, "Tie")) -> Kansas City Chiefs
A67: 4 | B67: Sun | C67: 2024-09-29 | D67: 8:20PM | E67: Baltimore Ravens | G67: Buffalo Bills | H67: boxscore | I67: 35 | J67: 10 | K67: 427 | L67: 1 | M67: 236 | N67: 1 | O67: =IF(I67>J67, E67, IF(I67<J67, G67, "Tie")) -> Baltimore Ravens
A68: 4 | B68: Mon | C68: 2024-09-30 | D68: 7:30PM | E68: Tennessee Titans | F68: @ | G68: Miami Dolphins | H68: boxscore | I68: 31 | J68: 12 | K68: 244 | L68: 1 | M68: 184 | N68: 1 | O68: =IF(I68>J68, E68, IF(I68<J68, G68, "Tie")) -> Tennessee Titans | P68: 10
A69: 4 | B69: Mon | C69: 2024-09-30 | D69: 8:15PM | E69: Detroit Lions | G69: Seattle Seahawks | H69: boxscore | I69: 42 | J69: 29 | K69: 389 | L69: 0 | M69: 516 | N69: 2 | O69: =IF(I69>J69, E69, IF(I69<J69, G69, "Tie")) -> Detroit Lions
A70: Week | B70: Day | C70: Date | D70: Time | E70: Winner/tie | G70: Loser/tie | I70: PtsW | J70: PtsL | K70: YdsW | L70: TOW | M70: YdsL | N70: TOL | O70: =IF(I70>J70, E70, IF(I70<J70, G70, "Tie")) -> Winner/tie
A71: 5 | B71: Thu | C71: 2024-10-03 | D71: 8:15PM | E71: Atlanta Falcons | G71: Tampa Bay Buccaneers | H71: boxscore | I71: 36 | J71: 30 | K71: 550 | L71: 1 | M71: 333 | N71: 1 | O71: =IF(I71>J71, E71, IF(I71<J71, G71, "Tie")) -> Atlanta Falcons | P71: 11
A72: 5 | B72: Sun | C72: 2024-10-06 | D72: 9:30AM | E72: Minnesota Vikings | G72: New York Jets | H72: boxscore | I72: 23 | J72: 17 | K72: 253 | L72: 2 | M72: 254 | N72: 3 | O72: =IF(I72>J72, E72, IF(I72<J72, G72, "Tie")) -> Minnesota Vikings
A73: 5 | B73: Sun | C73: 2024-10-06 | D73: 1:00PM | E73: Houston Texans | G73: Buffalo Bills | H73: boxscore | I73: 23 | J73: 20 | K73: 425 | L73: 2 | M73: 276 | N73: 0 | O73: =IF(I73>J73, E73, IF(I73<J73, G73, "Tie")) -> Houston Texans
A74: 5 | B74: Sun | C74: 2024-10-06 | D74: 1:00PM | E74: Chicago Bears | G74: Carolina Panthers | H74: boxscore | I74: 36 | J74: 10 | K74: 424 | L74: 0 | M74: 292 | N74: 3 | O74: =IF(I74>J74, E74, IF(I74<J74, G74, "Tie")) -> Chicago Bears
A75: 5 | B75: Sun | C75: 2024-10-06 | D75: 1:00PM | E75: Baltimore Ravens | F75: @ | G75: Cincinnati Bengals | H75: boxscore | I75: 41 | J75: 38 | K75: 520 | L75: 1 | M75: 442 | N75: 1 | O75: =IF(I75>J75, E75, IF(I75<J75, G75, "Tie")) -> Baltimore Ravens
A76: 5 | B76: Sun | C76: 2024-10-06 | D76: 1:00PM | E76: Washington Commanders | G76: Cleveland Browns | H76: boxscore | I76: 34 | J76: 13 | K76: 434 | L76: 2 | M76: 212 | N76: 1 | O76: =IF(I76>J76, E76, IF(I76<J76, G76, "Tie")) -> Washington Commanders
A77: 5 | B77: Sun | C77: 2024-10-06 | D77: 1:00PM | E77: Jacksonville Jaguars | G77: Indianapolis Colts | H77: boxscore | I77: 37 | J77: 34 | K77: 497 | L77: 2 | M77: 447 | N77: 1 | O77: =IF(I77>J77, E77, IF(I77<J77, G77, "Tie")) -> Jacksonville Jaguars
A78: 5 | B78: Sun | C78: 2024-10-06 | D78: 1:00PM | E78: Miami Dolphins | F78: @ | G78: New England Patriots | H78: boxscore | I78: 15 | J78: 10 | K78: 372 | L78: 2 | M78: 299 | N78: 0 | O78: =IF(I78>J78, E78, IF(I78<J78, G78, "Tie")) -> Miami Dolphins
A79: 5 | B79: Sun | C79: 2024-10-06 | D79: 4:05PM | E79: Arizona Cardinals | F79: @ | G79: San Francisco 49ers | H79: boxscore | I79: 24 | J79: 23 | K79: 358 | L79: 1 | M79: 384 | N79: 3 | O79: =IF(I79>J79, E79, IF(I79<J79, G79, "Tie")) -> Arizona Cardinals
A80: 5 | B80: Sun | C80: 2024-10-06 | D80: 4:05PM | E80: Denver Broncos | G80: Las Vegas Raiders | H80: boxscore | I80: 34 | J80: 18 | K80: 289 | L80: 0 | M80: 330 | N80: 3 | O80: =IF(I80>J80, E80, IF(I80<J80, G80, "Tie")) -> Denver Broncos
A81: 5 | B81: Sun | C81: 2024-10-06 | D81: 4:25PM | E81: Green Bay Packers | F81: @ | G81: Los Angeles Rams | H81: boxscore | I81: 24 | J81: 19 | K81: 328 | L81: 1 | M81: 370 | N81: 2 | O81: =IF(I81>J81, E81, IF(I81<J81, G81, "Tie")) -> Green Bay Packers
A82: 5 | B82: Sun | C82: 2024-10-06 | D82: 4:25PM | E82: New York Giants | F82: @ | G82: Seattle Seahawks | H82: boxscore | I82: 29 | J82: 20 | K82: 420 | L82: 1 | M82: 333 | N82: 1 | O82: =IF(I82>J82, E82, IF(I82<J82, G82, "Tie")) -> New York Giants
A83: 5 | B83: Sun | C83: 2024-10-06 | D83: 8:20PM | E83: Dallas Cowboys | F83: @ | G83: Pittsburgh Steelers | H83: boxscore | I83: 20 | J83: 17 | K83: 445 | L83: 3 | M83: 226 | N83: 1 | O83: =IF(I83>J83, E83, IF(I83<J83, G83, "Tie")) -> Dallas Cowboys
A84: 5 | B84: Mon | C84: 2024-10-07 | D84: 8:15PM | E84: Kansas City Chiefs | G84: New Orleans Saints | H84: boxscore | I84: 26 | J84: 13 | K84: 460 | L84: 1 | M84: 220 | N84: 1 | O84: =IF(I84>J84, E84, IF(I84<J84, G84, "Tie")) -> Kansas City Chiefs | P84: 12
A85: Week | B85: Day | C85: Date | D85: Time | E85: Winner/tie | G85: Loser/tie | I85: PtsW | J85: PtsL | K85: YdsW | L85: TOW | M85: YdsL | N85: TOL | O85: =IF(I85>J85, E85, IF(I85<J85, G85, "Tie")) -> Winner/tie
A86: 6 | B86: Thu | C86: 2024-10-10 | D86: 8:15PM | E86: San Francisco 49ers | F86: @ | G86: Seattle Seahawks | H86: boxscore | I86: 36 | J86: 24 | K86: 483 | L86: 0 | M86: 358 | N86: 3 | O86: =IF(I86>J86, E86, IF(I86<J86, G86, "Tie")) -> San Francisco 49ers | P86: 13
A87: 6 | B87: Sun | C87: 2024-10-13 | D87: 9:30AM | E87: Chicago Bears | G87: Jacksonville Jaguars | H87: boxscore | I87: 35 | J87: 16 | K87: 373 | L87: 1 | M87: 278 | N87: 2 | O87: =IF(I87>J87, E87, IF(I87<J87, G87, "Tie")) -> Chicago Bears
A88: 6 | B88: Sun | C88: 2024-10-13 | D88: 1:00PM | E88: Philadelphia Eagles | G88: Cleveland Browns | H88: boxscore | I88: 20 | J88: 16 | K88: 372 | L88: 0 | M88: 244 | N88: 0 | O88: =IF(I88>J88, E88, IF(I88<J88, G88, "Tie")) -> Philadelphia Eagles
A89: 6 | B89: Sun | C89: 2024-10-13 | D89: 1:00PM | E89: Indianapolis Colts | F89: @ | G89: Tennessee Titans | H89: boxscore | I89: 20 | J89: 17 | K89: 269 | L89: 1 | M89: 241 | N89: 1 | O89: =IF(I89>J89, E89, IF(I89<J89, G89, "Tie")) -> Indianapolis Colts
A90: 6 | B90: Sun | C90: 2024-10-13 | D90: 1:00PM | E90: Green Bay Packers | G90: Arizona Cardinals | H90: boxscore | I90: 34 | J90: 13 | K90: 437 | L90: 1 | M90: 303 | N90: 3 | O90: =IF(I90>J90, E90, IF(I90<J90, G90, "Tie")) -> Green Bay Packers
A91: 6 | B91: Sun | C91: 2024-10-13 | D91: 1:00PM | E91: Houston Texans | F91: @ | G91: New England Patriots | H91: boxscore | I91: 41 | J91: 21 | K91: 368 | L91: 1 | M91: 291 | N91: 4 | O91: =IF(I91>J91, E91, IF(I91<J91, G91, "Tie")) -> Houston Texans
A92: 6 | B92: Sun | C92: 2024-10-13 | D92: 1:00PM | E92: Tampa Bay Buccaneers | F92: @ | G92: New Orleans Saints | H92: boxscore | I92: 51 | J92: 27 | K92: 594 | L92: 3 | M92: 303 | N92: 3 | O92: =IF(I92>J92, E92, IF(I92<J92, G92, "Tie")) -> Tampa Bay Buccaneers
A93: 6 | B93: Sun | C93: 2024-10-13 | D93: 1:00PM | E93: Baltimore Ravens | G93: Washington Commanders | H93: boxscore | I93: 30 | J93: 23 | K93: 484 | L93: 1 | M93: 305 | N93: 0 | O93: =IF(I93>J93, E93, IF(I93<J93, G93, "Tie")) -> Baltimore Ravens
A94: 6 | B94: Sun | C94: 2024-10-13 | D94: 4:05PM | E94: Los Angeles Chargers | F94: @ | G94: Denver Broncos | H94: boxscore | I94: 23 | J94: 16 | K94: 350 | L94: 0 | M94: 316 | N94: 2 | O94: =IF(I94>J94, E94, IF(I94<J94, G94, "Tie")) -> Los Angeles Chargers
A95: 6 | B95: Sun | C95: 2024-10-13 | D95: 4:05PM | E95: Pittsburgh Steelers | F95: @ | G95: Las Vegas Raiders | H95: boxscore | I95: 32 | J95: 13 | K95: 293 | L95: 0 | M95: 275 | N95: 3 | O95: =IF(I95>J95, E95, IF(I95<J95, G95, "Tie")) -> Pittsburgh Steelers
A96: 6 | B96: Sun | C96: 2024-10-13 | D96: 4:25PM | E96: Atlanta Falcons | F96: @ | G96: Carolina Panthers | H96: boxscore | I96: 38 | J96: 20 | K96: 423 | L96: 1 | M96: 335 | N96: 2 | O96: =IF(I96>J96, E96, IF(I96<J96, G96, "Tie")) -> Atlanta Falcons
A97: 6 | B97: Sun | C97: 2024-10-13 | D97: 4:25PM | E97: Detroit Lions | F97: @ | G97: Dallas Cowboys | H97: boxscore | I97: 47 | J97: 9 | K97: 492 | L97: 0 | M97: 251 | N97: 5 | O97: =IF(I97>J97, E97, IF(I97<J97, G97, "Tie")) -> Dallas Cowboys
A98: 6 | B98: Sun | C98: 2024-10-13 | D98: 8:20PM | E98: Cincinnati Bengals | F98: @ | G98: New York Giants | H98: boxscore | I98: 17 | J98: 7 | K98: 304 | L98: 1 | M98: 309 | N98: 1 | O98: =IF(I98>J98, E98, IF(I98<J98, G98, "Tie")) -> New York Giants
A99: 6 | B99: Mon | C99: 2024-10-14 | D99: 8:15PM | E99: Buffalo Bills | F99: @ | G99: New York Jets | H99: boxscore | I99: 23 | J99: 20 | K99: 359 | L99: 0 | M99: 393 | N99: 1 | O99: =IF(I99>J99, E99, IF(I99<J99, G99, "Tie")) -> Buffalo Bills | P99: 14
A100: Week | B100: Day | C100: Date | D100: Time | E100: Winner/tie | G100: Loser/tie | I100: PtsW | J100: PtsL | K100: YdsW | L100: TOW | M100: YdsL | N100: TOL | O100: =IF(I100>J100, E100, IF(I100<J100, G100, "Tie")) -> Winner/tie
...
