Workbook

Sheet standings
A1: POS | B1: Participant | C1: Score | E1: POS | F1: Participant | G1: Score | H1: +/- | I1: tpp
A2: 13 | B2: Lori Lynn | C2: =picks!AI31 -> 20 | E2: {=_xlfn._xlws.SORT(A2:C31,3,-1)} -> 1 | F2: Brian | G2: 28 | H2: +2 | I2: 28 | J2: DONE | K2: BUF OVER PHI
A3: 27 | B3: SJay | C3: =picks!AI33 -> 15 | E3: 2 | F3: Carrie | G3: 27 | H3: -1 | I3: 27 | J3: DONE | K3: BILLS ATW DETROIT OUT
A4: 27 | B4: Bootsie | C4: =picks!AI35 -> 15 | E4: 3 | F4: Red Wing | G4: 26 | H4: +6 | I4: 26 | J4: DONE | K4: KC OVER PHI
A5: 10 | B5: Colby | C5: =picks!AI37 -> 21 | E5: 3 | F5: Grant | G5: 26 | H5: +4 | I5: 26 | J5: DONE | K5: BAL OVER PHI
A6: 29 | B6: Emjay | C6: =picks!AI39 -> 11 | E6: 5 | F6: Joe | G6: 25 | H6: +11 | I6: 25 | J6: DONE | K6: BUF OVER PHI | L6: 23rd to 16th to 5th
A7: 9 | B7: Shelley | C7: =picks!AI41 -> 22 | E7: 6 | F7: Chrissy | G7: 24 | H7: +18 | I7: 24 | J7: DONE | K7: BUF OVER PHI | L7: up from 24th
A8: 1 | B8: Brian | C8: =picks!AI43 -> 28 | E8: 7 | F8: Kyle | G8: 23 | H8: even | I8: 23 | J8: DONE | K8: BUF OVER PHI
A9: 22 | B9: Bloomers | C9: =picks!AI45 -> 17 | E9: 7 | F9: Dave C | G9: 23 | H9: +2 | I9: 23 | J9: DONE | K9: SF OVER BAL
A10: 19 | B10: Tom H | C10: =picks!AI47 -> 18 | E10: 9 | F10: Shelley | G10: 22 | H10: -6 | I10: 25 | K10: BUF OVER SEA
A11: 22 | B11: Karen | C11: =picks!AI49 -> 17 | E11: 10 | F11: Colby | G11: 21 | H11: -1 | I11: 21 | J11: DONE | K11: BAL OVER PHI
A12: 25 | B12: Denise | C12: =picks!AI85 -> 16 | E12: 10 | F12: Frank | G12: 21 | H12: +6 | I12: 21 | J12: DONE | K12: SF OVER KC
A13: 10 | B13: Frank | C13: =picks!AI87 -> 21 | E13: 10 | F13: Al | G13: 21 | H13: +6 | I13: 21 | J13: DONE | K13: BAL OVER PHI
A14: 19 | B14: Tom C | C14: =picks!AI89 -> 18 | E14: 13 | F14: Lori Lynn | G14: 20 | H14: -4 | I14: 20 | J14: DONE | K14: BUF OVER PHI
A15: 2 | B15: Carrie | C15: =picks!AI91 -> 27 | E15: 13 | F15: Forrest | G15: 20 | H15: +3 | I15: 20 | J15: DONE | K15: BUF OVER DET
A16: 10 | B16: Al | C16: =picks!AI93 -> 21 | E16: 13 | F16: William | G16: 20 | H16: -10 | I16: 20 | J16: DONE | K16: KC OVER PHI
A17: 19 | B17: Kaleb | C17: =picks!AI95 -> 18 | E17: 13 | F17: Zack | G17: 20 | H17: -10 | I17: 20 | J17: DONE | K17: PHI OVER BAL | L17: 12th to 3rd to 13th
A18: 22 | B18: Robyn | C18: =picks!AI97 -> 17 | E18: 17 | F18: Lisa | G18: 19 | H18: -8 | I18: 19 | J18: DONE | K18: BUF OVER KC/DET
A19: 7 | B19: Kyle | C19: =picks!AI99 -> 23 | E19: 17 | F19: John | G19: 19 | H19: -15 | I19: 19 | J19: DONE | K19: BAL OVER PHI
A20: 7 | B20: Dave C | C20: =picks!AI101 -> 23 | E20: 19 | F20: Tom H | G20: 18 | H20: -3 | I20: 18 | J20: DONE | K20: KC OVER PHI
A21: 29 | B21: Theresa | C21: =picks!AI103 -> 11 | E21: 19 | F21: Tom C | G21: 18 | H21: +5 | I21: 18 | J21: DONE | K21: BUF OVER PHI
A22: 17 | B22: Lisa | C22: =picks!AI136 -> 19 | E22: 19 | F22: Kaleb | G22: 18 | H22: -10 | I22: 21 | K22: BUF OVER LAR
A23: 17 | B23: John | C23: =picks!AI138 -> 19 | E23: 22 | F23: Bloomers | G23: 17 | H23: -2 | I23: 17 | J23: DONE | K23: LAC OVER PHI
A24: 13 | B24: Forrest | C24: =picks!AI140 -> 20 | E24: 22 | F24: Karen | G24: 17 | H24: -6 | I24: 17 | J24: DONE | K24: BUF OVER PHI | L24: 29th to 16th to 22nd
A25: 25 | B25: Jesse | C25: =picks!AI142 -> 16 | E25: 22 | F25: Robyn | G25: 17 | H25: +2 | I25: 17 | J25: DONE | K25: SF OVER KC
A26: 3 | B26: Red Wing | C26: =picks!AI144 -> 26 | E26: 25 | F26: Denise | G26: 16 | H26: +4 | I26: 16 | J26: DONE | K26: KC OVER PHI
A27: 13 | B27: William | C27: =picks!AI146 -> 20 | E27: 25 | F27: Jesse | G27: 16 | H27: -16 | I27: 16 | J27: DONE | K27: BAL OVER DET | L27: 15th to 9th to 25th
A28: 5 | B28: Joe | C28: =picks!AI148 -> 25 | E28: 27 | F28: SJay | G28: 15 | H28: -11 | I28: 18 | K28: TEN OVER CHI
A29: 3 | B29: Grant | C29: =picks!AI150 -> 26 | E29: 27 | F29: Bootsie | G29: 15 | H29: -11 | I29: 22 | K29: LAR OVER KC
A30: 13 | B30: Zack | C30: =picks!AI152 -> 20 | E30: 29 | F30: Emjay | G30: 11 | H30: even | I30: 11 | J30: DONE | K30: LAC OVER GB
A31: 6 | B31: Chrissy | C31: =picks!AI154 -> 24 | E31: 29 | F31: Theresa | G31: 11 | H31: -5 | I31: 11 | J31: DONE | K31: SF OVER BUF
G32: =SUM(G2:G31) -> 594
F33: Median score | G33: 20
F34: Average score | G34: =AVERAGE(G32/30) -> 19.8

Sheet picks
A1: Name | D1: SEPT | I1: OCT | N1: NOV | T1: DEC | X1: JAN | Z1: Totals
B2: 4 | C2: 5 | D2: 8 | E2: 14 | F2: 22 | G2: 29 | H2: 5 | I2: 12 | J2: 20 | K2: 26 | L2: 2 | M2: 9 | N2: 13 | O2: 23 | P2: 27 | Q2: 27 | R2: 7 | S2: 11 | T2: 18 | U2: 21 | V2: 25 | W2: tbd | X2: tbd | Y2: tbd
A3: Gm# | B3: 1 | C3: 2 | D3: 3 | E3: 4 | F3: 5 | G3: 6 | H3: 7 | I3: 8 | J3: 9 | K3: 10 | L3: 11 | M3: 12 | N3: 13 | O3: 14 | P3: 15 | Q3: 16 | R3: 17 | S3: 18 | T3: 19 | U3: 20 | V3: 21 | W3: 22 | X3: 23 | Y3: 24 | AB3: PR | AC3: TPP
A4: Lori Lynn | B4: PHI | C4: KC | D4: MIN | E4: LAR | F4: BAL | G4: DEN | H4: IND | I4: PIT | J4: HOU | K4: TB | L4: NYG | M4: BUF | N4: NYJ | O4: JAX | P4: DET | Q4: KC | R4: PIT | S4: TB | T4: LAR | U4: TB | V4: DAL | W4: DEN | X4: JAX | Y4: SEA | Z4: =SUM(B5:Y5) -> 13 | AC4: =SUM(Z4,AB5) -> 13
B5: =IF(B24="Philadelphia Eagles",1,0) -> 1 | C5: =IF(C24="Kansas City Chiefs",1,0) -> 0 | D5: =IF(D24="Minnesota Vikings",1,0) -> 1 | E5: =IF(E24="Los Angeles Rams",1,0) -> 1 | F5: =IF(F24="Baltimore Ravens",1,0) -> 0 | G5: =IF(G24="Denver Broncos",1,0) -> 1 | H5: =IF(H24="Indianapolis Colts",1,0) -> 1 | I5: =IF(I24="Pittsburgh Steelers",1,0) -> 1 | J5: =IF(J24="Houston Texans",1,0) -> 0 | K5: =IF(K24="Tampa Bay Buccaneers",1,0) -> 1 | L5: =IF(L24="New York Giants",1,0) -> 0 | M5: =IF(M24="Buffalo Bills",1,0) -> 0 | N5: =IF(N24="New York Jets",1,0) -> 0 | O5: =IF(O24="Jacksonville Jaguars",1,0) -> 1 | P5: =IF(P24="Detroit Lions",1,0) -> 0 | Q5: =IF(Q24="Kansas City Chiefs",1,0) -> 0 | R5: =IF(R24="Pittsburgh Steelers",1,0) -> 1 | S5: =IF(S24="Tampa Bay Buccaneers",1,0) -> 0 | T5: =IF(T24="Los Angeles Rams",1,0) -> 0 | U5: =IF(U24="Tampa Bay Buccaneers",1,0) -> 0 | V5: =IF(V24="Dallas Cowboys",1,0) -> 1 | W5: =IF(W24="Denver Broncos",1,0) -> 1 | X5: =IF(X24="Jacksonville Jaguars",1,0) -> 1 | Y5: =IF(Y24="Seattle Seahawks",1,0) -> 1
A6: SJay | B6: PHI | C6: LAC | D6: CHI | E6: LAR | F6: BAL | G6: DEN | H6: IND | I6: PIT | J6: HOU | K6: TB | L6: NYG | M6: BUF | N6: NE | O6: ARI | P6: DET | Q6: KC | R6: BAL | S6: TB | T6: LAR | U6: TB | V6: WAS | W6: DEN | X6: TEN | Y6: SF | Z6: =SUM(B7:Y7) -> 9 | AC6: =SUM(Z6,AB7) -> 9
B7: =IF(B24="Philadelphia Eagles",1,0) -> 1 | C7: =IF(C24="Los Angeles Chargers",1,0) -> 1 | D7: =IF(D24="Chicago Bears",1,0) -> 0 | E7: =IF(E24="Los Angeles Rams",1,0) -> 1 | F7: =IF(F24="Baltimore Ravens",1,0) -> 0 | G7: =IF(G24="Denver Broncos",1,0) -> 1 | H7: =IF(H24="Indianapolis Colts",1,0) -> 1 | I7: =IF(I24="Pittsburgh Steelers",1,0) -> 1 | J7: =IF(J24="Houston Texans",1,0) -> 0 | K7: =IF(K24="Tampa Bay Buccaneers",1,0) -> 1 | L7: =IF(L24="New York Giants",1,0) -> 0 | M7: =IF(M24="Buffalo Bills",1,0) -> 0 | N7: =IF(N24="New England Patriots",1,0) -> 1 | O7: =IF(O24="Arizona Cardinals",1,0) -> 0 | P7: =IF(P24="Detroit Lions",1,0) -> 0 | Q7: =IF(Q24="Kansas City Chiefs",1,0) -> 0 | R7: =IF(R24="Baltimore Ravens",1,0) -> 0 | S7: =IF(S24="Tampa Bay Buccaneers",1,0) -> 0 | T7: =IF(T24="Los Angeles Rams",1,0) -> 0 | U7: =IF(U24="Tampa Bay Buccaneers",1,0) -> 0 | V7: =IF(V24="Washington Commanders",1,0) -> 0 | W7: =IF(W24="Denver Broncos",1,0) -> 1 | X7: =IF(X24="Tennessee Titans",1,0) -> 0 | Y7: =IF(Y24="San Francisco 49ers",1,0) -> 0
A8: Boots | B8: PHI | C8: LAC | D8: CHI | E8: TEN | F8: BAL | G8: DEN | H8: IND | I8: PIT | J8: HOU | K8: TB | L8: NYG | M8: BUF | N8: NE | O8: ARI | P8: GB | Q8: KC | R8: BAL | S8: TB | T8: LAR | U8: TB | V8: DAL | W8: DEN | X8: TEN | Y8: SF | Z8: =SUM(B9:Y9) -> 10 | AC8: =SUM(Z8,AB9) -> 10
B9: =IF(B24="Philadelphia Eagles",1,0) -> 1 | C9: =IF(C24="Los Angeles Chargers",1,0) -> 1 | D9: =IF(D24="Chicago Bears",1,0) -> 0 | E9: =IF(E24="Tennessee Titans",1,0) -> 0 | F9: =IF(F24="Baltimore Ravens",1,0) -> 0 | G9: =IF(G24="Denver Broncos",1,0) -> 1 | H9: =IF(H24="Indianapolis Colts",1,0) -> 1 | I9: =IF(I24="Pittsburgh Steelers",1,0) -> 1 | J9: =IF(J24="Houston Texans",1,0) -> 0 | K9: =IF(K24="Tampa Bay Buccaneers",1,0) -> 1 | L9: =IF(L24="New York Giants",1,0) -> 0 | M9: =IF(M24="Buffalo Bills",1,0) -> 0 | N9: =IF(N24="New England Patriots",1,0) -> 1 | O9: =IF(O24="Arizona Cardinals",1,0) -> 0 | P9: =IF(P24="Green Bay Packers",1,0) -> 1 | Q9: =IF(Q24="Kansas City Chiefs",1,0) -> 0 | R9: =IF(R24="Baltimore Ravens",1,0) -> 0 | S9: =IF(S24="Tampa Bay Buccaneers",1,0) -> 0 | T9: =IF(T24="Los Angeles Rams",1,0) -> 0 | U9: =IF(U24="Tampa Bay Buccaneers",1,0) -> 0 | V9: =IF(V24="Dallas Cowboys",1,0) -> 1 | W9: =IF(W24="Denver Broncos",1,0) -> 1 | X9: =IF(X24="Tennessee Titans",1,0) -> 0 | Y9: =IF(Y24="San Francisco 49ers",1,0) -> 0
A10: Colby | B10: PHI | C10: LAC | D10: MIN | E10: LAR | F10: BAL | G10: DEN | H10: LV | I10: PIT | J10: HOU | K10: TB | L10: SF | M10: BUF | N10: NE | O10: ARI | P10: DET | Q10: KC | R10: BAL | S10: TB | T10: LAR | U10: TB | V10: WAS | W10: DEN | X10: JAX | Y10: SF | Z10: =SUM(B11:Y11) -> 11 | AC10: =SUM(Z10,AB11) -> 11
B11: =IF(B24="Philadelphia Eagles",1,0) -> 1 | C11: =IF(C24="Los Angeles Chargers",1,0) -> 1 | D11: =IF(D24="Minnesota Vikings",1,0) -> 1 | E11: =IF(E24="Los Angeles Rams",1,0) -> 1 | F11: =IF(F24="Baltimore Ravens",1,0) -> 0 | G11: =IF(G24="Denver Broncos",1,0) -> 1 | H11: =IF(H24="Las Vegas Raiders",1,0) -> 0 | I11: =IF(I24="Pittsburgh Steelers",1,0) -> 1 | J11: =IF(J24="Houston Texans",1,0) -> 0 | K11: =IF(K24="Tampa Bay Buccaneers",1,0) -> 1 | L11: =IF(L24="San Francisco 49ers",1,0) -> 1 | M11: =IF(M24="Buffalo Bills",1,0) -> 0 | N11: =IF(N24="New England Patriots",1,0) -> 1 | O11: =IF(O24="Arizona Cardinals",1,0) -> 0 | P11: =IF(P24="Detroit Lions",1,0) -> 0 | Q11: =IF(Q24="Kansas City Chiefs",1,0) -> 0 | R11: =IF(R24="Baltimore Ravens",1,0) -> 0 | S11: =IF(S24="Tampa Bay Buccaneers",1,0) -> 0 | T11: =IF(T24="Los Angeles Rams",1,0) -> 0 | U11: =IF(U24="Tampa Bay Buccaneers",1,0) -> 0 | V11: =IF(V24="Washington Commanders",1,0) -> 0 | W11: =IF(W24="Denver Broncos",1,0) -> 1 | X11: =IF(X24="Jacksonville Jaguars",1,0) -> 1 | Y11: =IF(Y24="San Francisco 49ers",1,0) -> 0
A12: Me | B12: PHI | C12: KC | D12: CHI | E12: LAR | F12: BAL | G12: DEN | H12: LV | I12: PIT | J12: HOU | K12: TB | L12: NYG | M12: BUF | N12: NE | O12: ARI | P12: DET | Q12: KC | R12: BAL | S12: TB | T12: LAR | U12: TB | V12: WAS | W12: DEN | X12: JAX | Y12: SF | Z12: =SUM(B13:Y13) -> 8 | AC12: =SUM(Z12,AB13) -> 8
B13: =IF(B24="Philadelphia Eagles",1,0) -> 1 | C13: =IF(C24="Kansas City Chiefs",1,0) -> 0 | D13: =IF(D24="Chicago Bears",1,0) -> 0 | E13: =IF(E24="Los Angeles Rams",1,0) -> 1 | F13: =IF(F24="Baltimore Ravens",1,0) -> 0 | G13: =IF(G24="Denver Broncos",1,0) -> 1 | H13: =IF(H24="Las Vegas Raiders",1,0) -> 0 | I13: =IF(I24="Pittsburgh Steelers",1,0) -> 1 | J13: =IF(J24="Houston Texans",1,0) -> 0 | K13: =IF(K24="Tampa Bay Buccaneers",1,0) -> 1 | L13: =IF(L24="New York Giants",1,0) -> 0 | M13: =IF(M24="Buffalo Bills",1,0) -> 0 | N13: =IF(N24="New England Patriots",1,0) -> 1 | O13: =IF(O24="Arizona Cardinals",1,0) -> 0 | P13: =IF(P24="Detroit Lions",1,0) -> 0 | Q13: =IF(Q24="Kansas City Chiefs",1,0) -> 0 | R13: =IF(R24="Baltimore Ravens",1,0) -> 0 | S13: =IF(S24="Tampa Bay Buccaneers",1,0) -> 0 | T13: =IF(T24="Los Angeles Rams",1,0) -> 0 | U13: =IF(U24="Tampa Bay Buccaneers",1,0) -> 0 | V13: =IF(V24="Washington Commanders",1,0) -> 0 | W13: =IF(W24="Denver Broncos",1,0) -> 1 | X13: =IF(X24="Jacksonville Jaguars",1,0) -> 1 | Y13: =IF(Y24="San Francisco 49ers",1,0) -> 0
A14: Shelley | B14: PHI | C14: LAC | D14: MIN | E14: LAR | F14: BAL | G14: DEN | H14: IND | I14: PIT | J14: SEA | K14: NO | L14: SF | M14: BUF | N14: NE | O14: ARI | P14: DET | Q14: DAL | R14: BAL | S14: TB | T14: SEA | U14: TB | V14: DAL | W14: LAC | X14: JAX | Y14: SEA | Z14: =SUM(B15:Y15) -> 15 | AC14: =SUM(Z14,AB15) -> 15
B15: =IF(B24="Philadelphia Eagles",1,0) -> 1 | C15: =IF(C24="Los Angeles Chargers",1,0) -> 1 | D15: =IF(D24="Minnesota Vikings",1,0) -> 1 | E15: =IF(E24="Los Angeles Rams",1,0) -> 1 | F15: =IF(F24="Baltimore Ravens",1,0) -> 0 | G15: =IF(G24="Denver Broncos",1,0) -> 1 | H15: =IF(H24="Indianapolis Colts",1,0) -> 1 | I15: =IF(I24="Pittsburgh Steelers",1,0) -> 1 | J15: =IF(J24="Seattle Seahawks",1,0) -> 1 | K15: =IF(K24="New Orleans Saints",1,0) -> 0 | L15: =IF(L24="San Francisco 49ers",1,0) -> 1 | M15: =IF(M24="Buffalo Bills",1,0) -> 0 | N15: =IF(N24="New England Patriots",1,0) -> 1 | O15: =IF(O24="Arizona Cardinals",1,0) -> 0 | P15: =IF(P24="Detroit Lions",1,0) -> 0 | Q15: =IF(Q24="Dallas Cowboys",1,0) -> 1 | R15: =IF(R24="Baltimore Ravens",1,0) -> 0 | S15: =IF(S24="Tampa Bay Buccaneers",1,0) -> 0 | T15: =IF(T24="Seattle Seahawks",1,0) -> 1 | U15: =IF(U24="Tampa Bay Buccaneers",1,0) -> 0 | V15: =IF(V24="Dallas Cowboys",1,0) -> 1 | W15: =IF(W24="Los Angeles Chargers",1,0) -> 0 | X15: =IF(X24="Jacksonville Jaguars",1,0) -> 1 | Y15: =IF(Y24="Seattle Seahawks",1,0) -> 1
A16: Brian | B16: PHI | C16: KC | D16: MIN | E16: LAR | F16: DET | G16: DEN | H16: LV | I16: PIT | J16: SEA | K16: TB | L16: NYG | M16: MIA | N16: NE | O16: ARI | P16: DET | Q16: KC | R16: BAL | S16: ATL | T16: LAR | U16: CAR | V16: DAL | W16: DEN | X16: JAX | Y16: SF | Z16: =SUM(B17:Y17) -> 15 | AC16: =SUM(Z16,AB17) -> 15
B17: =IF(B24="Philadelphia Eagles",1,0) -> 1 | C17: =IF(C24="Kansas City Chiefs",1,0) -> 0 | D17: =IF(D24="Minnesota Vikings",1,0) -> 1 | E17: =IF(E24="Los Angeles Rams",1,0) -> 1 | F17: =IF(F24="Detroit Lions",1,0) -> 1 | G17: =IF(G24="Denver Broncos",1,0) -> 1 | H17: =IF(H24="Las Vegas Raiders",1,0) -> 0 | I17: =IF(I24="Pittsburgh Steelers",1,0) -> 1 | J17: =IF(J24="Seattle Seahawks",1,0) -> 1 | K17: =IF(K24="Tampa Bay Buccaneers",1,0) -> 1 | L17: =IF(L24="New York Giants",1,0) -> 0 | M17: =IF(M24="Miami Dolphins",1,0) -> 1 | N17: =IF(N24="New England Patriots",1,0) -> 1 | O17: =IF(O24="Arizona Cardinals",1,0) -> 0 | P17: =IF(P24="Detroit Lions",1,0) -> 0 | Q17: =IF(Q24="Kansas City Chiefs",1,0) -> 0 | R17: =IF(R24="Baltimore Ravens",1,0) -> 0 | S17: =IF(S24="Atlanta Falcons",1,0) -> 1 | T17: =IF(T24="Los Angeles Rams",1,0) -> 0 | U17: =IF(U24="Carolina Panthers",1,0) -> 1 | V17: =IF(V24="Dallas Cowboys",1,0) -> 1 | W17: =IF(W24="Denver Broncos",1,0) -> 1 | X17: =IF(X24="Jacksonville Jaguars",1,0) -> 1 | Y17: =IF(Y24="San Francisco 49ers",1,0) -> 0
A18: Bloomers | B18: PHI | C18: KC | D18: MIN | E18: TEN | F18: BAL | G18: DEN | H18: LV | I18: PIT | J18: SEA | K18: TB | L18: NYG | M18: BUF | N18: NYJ | O18: JAX | P18: DET | Q18: KC | R18: BAL | S18: TB | T18: LAR | U18: TB | V18: WAS | W18: LAC | X18: JAX | Y18: SEA | Z18: =SUM(B19:Y19) -> 9 | AC18: =SUM(Z18,AB19) -> 9
B19: =IF(B24="Philadelphia Eagles",1,0) -> 1 | C19: =IF(C24="Kansas City Chiefs",1,0) -> 0 | D19: =IF(D24="Minnesota Vikings",1,0) -> 1 | E19: =IF(E24="Tennessee Titans",1,0) -> 0 | F19: =IF(F24="Baltimore Ravens",1,0) -> 0 | G19: =IF(G24="Denver Broncos",1,0) -> 1 | H19: =IF(H24="Las Vegas Raiders",1,0) -> 0 | I19: =IF(I24="Pittsburgh Steelers",1,0) -> 1 | J19: =IF(J24="Seattle Seahawks",1,0) -> 1 | K19: =IF(K24="Tampa Bay Buccaneers",1,0) -> 1 | L19: =IF(L24="New York Giants",1,0) -> 0 | M19: =IF(M24="Buffalo Bills",1,0) -> 0 | N19: =IF(N24="New York Jets",1,0) -> 0 | O19: =IF(O24="Jacksonville Jaguars",1,0) -> 1 | P19: =IF(P24="Detroit Lions",1,0) -> 0 | Q19: =IF(Q24="Kansas City Chiefs",1,0) -> 0 | R19: =IF(R24="Baltimore Ravens",1,0) -> 0 | S19: =IF(S24="Tampa Bay Buccaneers",1,0) -> 0 | T19: =IF(T24="Los Angeles Rams",1,0) -> 0 | U19: =IF(U24="Tampa Bay Buccaneers",1,0) -> 0 | V19: =IF(V24="Washington Commanders",1,0) -> 0 | W19: =IF(W24="Los Angeles Chargers",1,0) -> 0 | X19: =IF(X24="Jacksonville Jaguars",1,0) -> 1 | Y19: =IF(Y24="Seattle Seahawks",1,0) -> 1
A20: Tom | B20: PHI | C20: KC | D20: CHI | E20: LAR | F20: BAL | G20: DEN | H20: IND | I20: PIT | J20: HOU | K20: TB | L20: SF | M20: BUF | N20: NE | O20: ARI | P20: DET | Q20: KC | R20: BAL | S20: TB | T20: LAR | U20: TB | V20: WAS | W20: DEN | X20: JAX | Y20: SF | Z20: =SUM(B21:Y21) -> 10 | AC20: =SUM(Z20,AB21) -> 10
B21: =IF(B24="Philadelphia Eagles",1,0) -> 1 | C21: =IF(C24="Kansas City Chiefs",1,0) -> 0 | D21: =IF(D24="Chicago Bears",1,0) -> 0 | E21: =IF(E24="Los Angeles Rams",1,0) -> 1 | F21: =IF(F24="Baltimore Ravens",1,0) -> 0 | G21: =IF(G24="Denver Broncos",1,0) -> 1 | H21: =IF(H24="Indianapolis Colts",1,0) -> 1 | I21: =IF(I24="Pittsburgh Steelers",1,0) -> 1 | J21: =IF(J24="Houston Texans",1,0) -> 0 | K21: =IF(K24="Tampa Bay Buccaneers",1,0) -> 1 | L21: =IF(L24="San Francisco 49ers",1,0) -> 1 | M21: =IF(M24="Buffalo Bills",1,0) -> 0 | N21: =IF(N24="New England Patriots",1,0) -> 1 | O21: =IF(O24="Arizona Cardinals",1,0) -> 0 | P21: =IF(P24="Detroit Lions",1,0) -> 0 | Q21: =IF(Q24="Kansas City Chiefs",1,0) -> 0 | R21: =IF(R24="Baltimore Ravens",1,0) -> 0 | S21: =IF(S24="Tampa Bay Buccaneers",1,0) -> 0 | T21: =IF(T24="Los Angeles Rams",1,0) -> 0 | U21: =IF(U24="Tampa Bay Buccaneers",1,0) -> 0 | V21: =IF(V24="Washington Commanders",1,0) -> 0 | W21: =IF(W24="Denver Broncos",1,0) -> 1 | X21: =IF(X24="Jacksonville Jaguars",1,0) -> 1 | Y21: =IF(Y24="San Francisco 49ers",1,0) -> 0
A22: Karen | B22: PHI | C22: KC | D22: MIN | E22: TEN | F22: BAL | G22: CIN | H22: LV | I22: PIT | J22: SEA | K22: NO | L22: SF | M22: BUF | N22: NE | O22: JAX | P22: GB | Q22: KC | R22: BAL | S22: TB | T22: SEA | U22: CAR | V22: WAS | W22: LAC | X22: TEN | Y22: SF | Z22: =SUM(B23:Y23) -> 10 | AC22: =SUM(Z22,AB23) -> 10
B23: =IF(B24="Philadelphia Eagles",1,0) -> 1 | C23: =IF(C24="Kansas City Chiefs",1,0) -> 0 | D23: =IF(D24="Minnesota Vikings",1,0) -> 1 | E23: =IF(E24="Tennessee Titans",1,0) -> 0 | F23: =IF(F24="Baltimore Ravens",1,0) -> 0 | G23: =IF(G24="Cincinnati Bengals",1,0) -> 0 | H23: =IF(H24="Las Vegas Raiders",1,0) -> 0 | I23: =IF(I24="Pittsburgh Steelers",1,0) -> 1 | J23: =IF(J24="Seattle Seahawks",1,0) -> 1 | K23: =IF(K24="New Orleans Saints",1,0) -> 0 | L23: =IF(L24="San Francisco 49ers",1,0) -> 1 | M23: =IF(M24="Buffalo Bills",1,0) -> 0 | N23: =IF(N24="New England Patriots",1,0) -> 1 | O23: =IF(O24="Jacksonville Jaguars",1,0) -> 1 | P23: =IF(P24="Green Bay Packers",1,0) -> 1 | Q23: =IF(Q24="Kansas City Chiefs",1,0) -> 0 | R23: =IF(R24="Baltimore Ravens",1,0) -> 0 | S23: =IF(S24="Tampa Bay Buccaneers",1,0) -> 0 | T23: =IF(T24="Seattle Seahawks",1,0) -> 1 | U23: =IF(U24="Carolina Panthers",1,0) -> 1 | V23: =IF(V24="Washington Commanders",1,0) -> 0 | W23: =IF(W24="Los Angeles Chargers",1,0) -> 0 | X23: =IF(X24="Tennessee Titans",1,0) -> 0 | Y23: =IF(Y24="San Francisco 49ers",1,0) -> 0
A24: Winners | B24: Philadelphia Eagles | C24: Los Angeles Chargers | D24: Minnesota Vikings | E24: Los Angeles Rams | F24: Detroit Lions | G24: Denver Broncos | H24: Indianapolis Colts | I24: Pittsburgh Steelers | J24: Seattle Seahawks | K24: Tampa Bay Buccaneers | L24: San Francisco 49ers | M24: Miami Dolphins | N24: New England Patriots | O24: Jacksonville Jaguars | P24: Green Bay Packers | Q24: Dallas Cowboys | R24: Pittsburgh Steelers | S24: Atlanta Falcons | T24: Seattle Seahawks | U24: Carolina Panthers | V24: Dallas Cowboys | W24: Denver Broncos | X24: Jacksonville Jaguars | Y24: Seattle Seahawks
A28: NAME | B28: Divisional winners (2 pts each) | L28: Wildcard teams (3 pts each) | T28: Superbowl (3 pts) | X28: Superbowl Champ (4 pts) | AE28: Playoffs Total | AG28: Regular Season Total | AI28: TOTALITY | AL28: Max Score
B29: AFC | G29: NFC | L29: AFC | P29: NFC | T29: AFC | V29: NFC | AB29: PR | AR29: Notes
B30: E | C30: N | D30: S | E30: W | G30: E | H30: N | I30: S | J30: W | AA30: SB | AC30: TPR
A31: Lori Lynn | B31: BUF | C31: PIT | D31: IND | E31: KC | G31: PHI | H31: MIN | I31: TB | J31: LAR | L31: MIA | M31: HOU | N31: DEN | P31: DET | Q31: ATL | R31: SEA | T31: BUF | V31: PHI | X31: BUF | AE31: =SUM(B32,C32,D32,E32,G32,H32,I32,J32,L32,M32,N32,P32,R32,Q32,T32,V32,X32) -> 7 | AG31: =Z4 -> 13 | AI31: =SUM(AE31,AG31) -> 20 | AM31: =SUM(AC32,AI31) -> 20
B32: X | C32: 2 | D32: X | E32: X | G32: 2 | H32: X | I32: X | J32: X | K32: 0 | L32: X | M32: 3 | N32: X | O32: 0 | P32: X | Q32: X | R32: X | S32: 0 | T32: X | V32: X | X32: X | AA32: 0 | AB32: =SUM(K32,O32,S32,AA32) -> 0 | AC32: =SUM(AB5,AB32) -> 0
A33: SJay | B33: BUF | C33: PIT | D33: HOU | E33: KC | G33: PHI | H33: CHI | I33: TB | J33: LAR | L33: NE | M33: TEN | N33: DEN | P33: NYG | Q33: MIN | R33: ARI | T33: TEN | V33: CHI | X33: TEN | AE33: =SUM(B34,C34,D34,E34,G34,H34,I34,J34,L34,M34,N34,P34,Q34,R34,T34,V34,X34) -> 6 | AG33: =Z6 -> 9 | AI33: =SUM(AE33,AG33) -> 15 | AM33: =SUM(AC34,AI33) -> 18 | AR33: Eliminated, not done
B34: X | C34: 2 | D34: X | E34: X | G34: 2 | H34: 2 | I34: X | J34: X | K34: 0 | L34: X | M34: X | N34: X | O34: 0 | P34: X | Q34: X | R34: X | S34: 0 | T34: X | X34: X | AA34: 3 | AB34: =SUM(K34,O34,S34,AA34) -> 3 | AC34: =SUM(AB7,AB34) -> 3
A35: Boots | B35: BUF | C35: BAL | D35: TEN | E35: KC | G35: NYG | H35: CHI | I35: TB | J35: ARI | L35: NE | M35: PIT | N35: DEN | P35: PHI | Q35: MIN | R35: LAR | T35: KC | V35: LAR | X35: LAR | AE35: =SUM(B36,C36,D36,E36,G36,H36,I36,J36,L36,M36,N36,P36,Q36,R36,T36,V36,X36) -> 5 | AG35: =Z8 -> 10 | AI35: =SUM(AE35,AG35) -> 15 | AM35: =SUM(AC36,AI35) -> 22 | AR35: Eliminated, not done
B36: X | C36: X | D36: X | E36: X | G36: X | H36: 2 | I36: X | J36: X | K36: 0 | L36: X | M36: X | N36: X | O36: 0 | P36: X | Q36: X | R36: 3 | S36: 0 | T36: X | AA36: 7 | AB36: =SUM(K36,O36,S36,AA36) -> 7 | AC36: =SUM(AB9,AB36) -> 7
A37: Colby | B37: BUF | C37: BAL | D37: HOU | E37: DEN | G37: PHI | H37: DET | I37: TB | J37: LAR | L37: KC | M37: CIN | N37: LAC | P37: SEA | Q37: GB | R37: WAS | T37: BAL | V37: PHI | X37: BAL | AE37: =SUM(B38,C38,D38,E38,G38,H38,I38,J38,L38,M38,N38,P38,R38,Q38,T38,V38,X38) -> 10 | AG37: =Z10 -> 11 | AI37: =SUM(AE37,AG37) -> 21 | AM37: =SUM(AC38,AI37) -> 21 | AR37: DONE - 21
B38: X | C38: X | D38: X | E38: 2 | G38: 2 | H38: X | I38: X | J38: X | K38: 0 | L38: X | M38: X | N38: 3 | O38: 0 | P38: X | Q38: 3 | R38: X | S38: 0 | T38: X | V38: X | X38: X | AA38: 0 | AB38: =SUM(K38,O38,S38,AA38) -> 0 | AC38: =SUM(AB11,AB38) -> 0
A39: Me | B39: BUF | C39: BAL | D39: HOU | E39: KC | G39: WAS | H39: GB | I39: TB | J39: LAR | L39: LAC | M39: DEN | N39: PIT | P39: PHI | Q39: DET | R39: ARI | T39: LAC | V39: GB | X39: LAC | AE39: =SUM(B40,C40,D40,E40,G40,H40,I40,J40,L40,M40,N40,P40,Q40,R40,T40,V40,X40) -> 3 | AG39: =Z12 -> 8 | AI39: =SUM(AE39,AG39) -> 11 | AM39: =SUM(AC40,AI39) -> 11 | AR39: DONE - 11
B40: X | C40: X | D40: X | E40: X | G40: X | H40: X | I40: X | J40: X | K40: 0 | L40: 3 | M40: X | N40: X | O40: 0 | P40: X | Q40: X | R40: X | S40: 0 | T40: X | V40: X | X40: X | AA40: 0 | AB40: =SUM(K40,O40,S40,AA40) -> 0 | AC40: =SUM(AB13,AB40) -> 0
A41: Shelley | B41: BUF | C41: BAL | D41: HOU | E41: LAC | G41: PHI | H41: DET | I41: ATL | J41: SEA | L41: PIT | M41: KC | N41: DEN | P41: MIN | Q41: LAR | R41: DAL | T41: BUF | V41: SEA | X41: BUF | AE41: =SUM(B42,C42,D42,E42,G42,H42,I42,J42,L42,M42,N42,P42,R42,Q42,T42,V42,X42) -> 7 | AG41: =Z14 -> 15 | AI41: =SUM(AE41,AG41) -> 22 | AM41: =SUM(AC42,AI41) -> 25 | AR41: Eliminated, not done
B42: X | C42: X | D42: X | E42: X | G42: 2 | H42: X | I42: X | J42: 2 | K42: 0 | L42: X | M42: X | N42: X | O42: 0 | P42: X | Q42: 3 | R42: X | S42: 0 | T42: X | X42: X | AA42: 3 | AB42: =SUM(K42,O42,S42,AA42) -> 3 | AC42: =SUM(AB15,AB42) -> 3
A43: Brian | B43: NE | C43: PIT | D43: HOU | E43: KC | G43: DAL | H43: MIN | I43: TB | J43: LAR | L43: BAL | M43: BUF | N43: LAC | P43: PHI | Q43: DET | R43: SF | T43: BUF | V43: PHI | X43: BUF | AE43: =SUM(B44,C44,D44,E44,G44,H44,I44,J44,L44,M44,N44,P44,Q44,R44,T44,V44,X44) -> 13 | AG43: =Z16 -> 15 | AI43: =SUM(AE43,AG43) -> 28 | AM43: =SUM(AC44,AI43) -> 28 | AR43: 1ST PLACE
B44: 2 | C44: 2 | D44: X | E44: X | G44: X | H44: X | I44: X | J44: X | K44: 0 | L44: X | M44: 3 | N44: 3 | O44: 0 | P44: X | Q44: X | R44: 3 | S44: 0 | T44: X | V44: X | X44: X | AA44: 0 | AB44: =SUM(K44,O44,S44,AA44) -> 0 | AC44: =SUM(AB17,AB44) -> 0
A45: Bloomers | B45: BUF | C45: BAL | D45: TEN | E45: KC | G45: PHI | H45: DET | I45: TB | J45: LAR | L45: LAC | M45: PIT | N45: CIN | P45: MIN | Q45: GB | R45: WAS | T45: LAC | V45: PHI | X45: LAC | AE45: =SUM(B46,C46,D46,E46,G46,H46,I46,J46,L46,M46,N46,P46,R46,Q46,T46,V46,X46) -> 8 | AG45: =Z18 -> 9 | AI45: =SUM(AE45,AG45) -> 17 | AM45: =SUM(AC46,AI45) -> 17 | AR45: DONE - 17
B46: X | C46: X | D46: X | E46: X | G46: 2 | H46: X | I46: X | J46: X | K46: 0 | L46: 3 | M46: X | N46: X | O46: 0 | P46: X | Q46: 3 | R46: X | S46: 0 | T46: X | V46: X | X46: X | AA46: 0 | AB46: =SUM(K46,O46,S46,AA46) -> 0 | AC46: =SUM(AB19,AB46) -> 0
A47: Tom | B47: BUF | C47: BAL | D47: HOU | E47: KC | G47: PHI | H47: DET | I47: TB | J47: LAR | L47: BUF | M47: BAL | N47: KC | P47: PHI | Q47: DET | R47: LAR | T47: KC | V47: PHI | X47: KC | AE47: =SUM(B48,C48,D48,E48,G48,H48,I48,J48,L48,M48,N48,P48,Q48,R48,T48,V48,X48) -> 8 | AG47: =Z20 -> 10 | AI47: =SUM(AE47,AG47) -> 18 | AM47: =SUM(AC48,AI47) -> 18 | AR47: DONE - 18
B48: X | C48: X | D48: X | E48: X | G48: 2 | H48: X | I48: X | J48: X | K48: 0 | L48: 3 | M48: X | N48: X | O48: 0 | P48: X | Q48: X | R48: 3 | S48: 0 | T48: X | V48: X | X48: X | AA48: 0 | AB48: =SUM(K48,O48,S48,AA48) -> 0 | AC48: =SUM(AB21,AB48) -> 0
A49: Karen | B49: BUF | C49: BAL | D49: TEN | E49: KC | G49: PHI | H49: MIN | I49: ATL | J49: SEA | L49: CIN | M49: IND | N49: LV | P49: WAS | Q49: MIN | R49: SF | T49: BUF | V49: PHI | X49: BUF | AE49: =SUM(B50,C50,D50,E50,G50,H50,I50,J50,L50,M50,N50,P50,R50,Q50,T50,V50,X50) -> 7 | AG49: =Z22 -> 10 | AI49: =SUM(AE49,AG49) -> 17 | AM49: =SUM(AC50,AI49) -> 17
B50: X | C50: X | D50: X | E50: X | G50: 2 | H50: X | I50: X | J50: 2 | K50: 0 | L50: X | M50: X | N50: X | O50: 0 | P50: X | Q50: X | R50: 3 | S50: 0 | T50: X | V50: X | X50: X | AA50: 0 | AB50: =SUM(K50,O50,S50,AA50) -> 0 | AC50: =SUM(AB23,AB50) -> 0
L51: lac | M51: 4 | P51: lar | Q51: 3
L52: buf | M52: 2 | P52: gb | Q52: 2
L53: hou | M53: 1 | P53: sf | Q53: 2
A54: Name | D54: SEPT | I54: OCT | N54: NOV | T54: DEC | X54: JAN | Z54: Totals
B55: 4 | C55: 5 | D55: 8 | E55: 14 | F55: 22 | G55: 29 | H55: 5 | I55: 12 | J55: 20 | K55: 26 | L55: 2 | M55: 9 | N55: 13 | O55: 23 | P55: 27 | Q55: 27 | R55: 7 | S55: 11 | T55: 18 | U55: 21 | V55: 25 | W55: tbd | X55: tbd | Y55: tbd
A56: Gm# | B56: 1 | C56: 2 | D56: 3 | E56: 4 | F56: 5 | G56: 6 | H56: 7 | I56: 8 | J56: 9 | K56: 10 | L56: 11 | M56: 12 | N56: 13 | O56: 14 | P56: 15 | Q56: 16 | R56: 17 | S56: 18 | T56: 19 | U56: 20 | V56: 21 | W56: 22 | X56: 23 | Y56: 24 | AB56: PR | AC56: TPP
A57: Denise | B57: DAL | C57: KC | D57: MIN | E57: TEN | F57: BAL | G57: CIN | H57: LV | I57: CLE | J57: SEA | K57: NO | L57: SF | M57: BUF | N57: NE | O57: ARI | P57: GB | Q57: KC | R57: BAL | S57: ATL | T57: LAR | U57: CAR | V57: WAS | W57: LAC | X57: JAX | Y57: SF | Z57: =SUM(B58:Y58) -> 8 | AC57: =SUM(Z57,AB58) -> 8
B58: =IF(B77="Dallas Cowboys",1,0) -> 0 | C58: =IF(C77="Kansas City Chiefs",1,0) -> 0 | D58: =IF(D77="Minnesota Vikings",1,0) -> 1 | E58: =IF(E77="Tennessee Titans",1,0) -> 0 | F58: =IF(F77="Baltimore Ravens",1,0) -> 0 | G58: =IF(G77="Cincinnati Bengals",1,0) -> 0 | H58: =IF(H77="Las Vegas Raiders",1,0) -> 0 | I58: =IF(I77="Cleveland Browns",1,0) -> 0 | J58: =IF(J77="Seattle Seahawks",1,0) -> 1 | K58: =IF(K77="New Orleans Saints",1,0) -> 0 | L58: =IF(L77="San Francisco 49ers",1,0) -> 1 | M58: =IF(M77="Buffalo Bills",1,0) -> 0 | N58: =IF(N77="New England Patriots",1,0) -> 1 | O58: =IF(O77="Arizona Cardinals",1,0) -> 0 | P58: =IF(P77="Green Bay Packers",1,0) -> 1 | Q58: =IF(Q77="Kansas City Chiefs",1,0) -> 0 | R58: =IF(R77="Baltimore Ravens",1,0) -> 0 | S58: =IF(S77="Atlanta Falcons",1,0) -> 1 | T58: =IF(T77="Los Angeles Rams",1,0) -> 0 | U58: =IF(U77="Carolina Panthers",1,0) -> 1 | V58: =IF(V77="Washington Commanders",1,0) -> 0 | W58: =IF(W77="Los Angeles Chargers",1,0) -> 0 | X58: =IF(X77="Jacksonville Jaguars",1,0) -> 1 | Y58: =IF(Y77="San Francisco 49ers",1,0) -> 0
A59: Frank | B59: PHI | C59: KC | D59: MIN | E59: LAR | F59: BAL | G59: DEN | H59: LV | I59: CLE | J59: SEA | K59: TB | L59: SF | M59: MIA | N59: NYJ | O59: ARI | P59: DET | Q59: KC | R59: BAL | S59: TB | T59: SEA | U59: TB | V59: DAL | W59: LAC | X59: TEN | Y59: SF | Z59: =SUM(B60:Y60) -> 10 | AC59: =SUM(Z59,AB60) -> 10
B60: =IF(B77="Philadelphia Eagles",1,0) -> 1 | C60: =IF(C77="Kansas City Chiefs",1,0) -> 0 | D60: =IF(D77="Minnesota Vikings",1,0) -> 1 | E60: =IF(E77="Los Angeles Rams",1,0) -> 1 | F60: =IF(F77="Baltimore Ravens",1,0) -> 0 | G60: =IF(G77="Denver Broncos",1,0) -> 1 | H60: =IF(H77="Las Vegas Raiders",1,0) -> 0 | I60: =IF(I77="Cleveland Browns",1,0) -> 0 | J60: =IF(J77="Seattle Seahawks",1,0) -> 1 | K60: =IF(K77="Tampa Bay Buccaneers",1,0) -> 1 | L60: =IF(L77="San Francisco 49ers",1,0) -> 1 | M60: =IF(M77="Miami Dolphins",1,0) -> 1 | N60: =IF(N77="New York Jets",1,0) -> 0 | O60: =IF(O77="Arizona Cardinals",1,0) -> 0 | P60: =IF(P77="Detroit Lions",1,0) -> 0 | Q60: =IF(Q77="Kansas City Chiefs",1,0) -> 0 | R60: =IF(R77="Baltimore Ravens",1,0) -> 0 | S60: =IF(S77="Tampa Bay Buccaneers",1,0) -> 0 | T60: =IF(T77="Seattle Seahawks",1,0) -> 1 | U60: =IF(U77="Tampa Bay Buccaneers",1,0) -> 0 | V60: =IF(V77="Dallas Cowboys",1,0) -> 1 | W60: =IF(W77="Los Angeles Chargers",1,0) -> 0 | X60: =IF(X77="Tennessee Titans",1,0) -> 0 | Y60: =IF(Y77="San Francisco 49ers",1,0) -> 0
A61: Tom C | B61: PHI | C61: LAC | D61: MIN | E61: TEN | F61: BAL | G61: CIN | H61: LV | I61: PIT | J61: HOU | K61: TB | L61: SF | M61: BUF | N61: NE | O61: ARI | P61: DET | Q61: KC | R61: BAL | S61: TB | T61: LAR | U61: TB | V61: WAS | W61: LAC | X61: TEN | Y61: SF | Z61: =SUM(B62:Y62) -> 7 | AC61: =SUM(Z61,AB62) -> 7
B62: =IF(B77="Philadelphia Eagles",1,0) -> 1 | C62: =IF(C77="Los Angeles Chargers",1,0) -> 1 | D62: =IF(D77="Minnesota Vikings",1,0) -> 1 | E62: =IF(E77="Tennessee Titans",1,0) -> 0 | F62: =IF(F77="Baltimore Ravens",1,0) -> 0 | G62: =IF(G77="Cincinnati Bengals",1,0) -> 0 | H62: =IF(H77="Las Vegas Raiders",1,0) -> 0 | I62: =IF(I77="Pittsburgh Steelers",1,0) -> 1 | J62: =IF(J77="Houston Texans",1,0) -> 0 | K62: =IF(K77="Tampa Bay Buccaneers",1,0) -> 1 | L62: =IF(L77="San Francisco 49ers",1,0) -> 1 | M62: =IF(M77="Buffalo Bills",1,0) -> 0 | N62: =IF(N77="New England Patriots",1,0) -> 1 | O62: =IF(O77="Arizona Cardinals",1,0) -> 0 | P62: =IF(P77="Detroit Lions",1,0) -> 0 | Q62: =IF(Q77="Kansas City Chiefs",1,0) -> 0 | R62: =IF(R77="Baltimore Ravens",1,0) -> 0 | S62: =IF(S77="Tampa Bay Buccaneers",1,0) -> 0 | T62: =IF(T77="Los Angeles Rams",1,0) -> 0 | U62: =IF(U77="Tampa Bay Buccaneers",1,0) -> 0 | V62: =IF(V77="Washington Commanders",1,0) -> 0 | W62: =IF(W77="Los Angeles Chargers",1,0) -> 0 | X62: =IF(X77="Tennessee Titans",1,0) -> 0 | Y62: =IF(Y77="San Francisco 49ers",1,0) -> 0
A63: Carrie | B63: PHI | C63: LAC | D63: MIN | E63: LAR | F63: DET | G63: DEN | H63: LV | I63: PIT | J63: SEA | K63: TB | L63: SF | M63: BUF | N63: NE | O63: JAX | P63: DET | Q63: DAL | R63: BAL | S63: TB | T63: SEA | U63: TB | V63: WAS | W63: LAC | X63: JAX | Y63: SF | Z63: =SUM(B64:Y64) -> 15 | AC63: =SUM(Z63,AB64) -> 15
B64: =IF(B77="Philadelphia Eagles",1,0) -> 1 | C64: =IF(C77="Los Angeles Chargers",1,0) -> 1 | D64: =IF(D77="Minnesota Vikings",1,0) -> 1 | E64: =IF(E77="Los Angeles Rams",1,0) -> 1 | F64: =IF(F77="Detroit Lions",1,0) -> 1 | G64: =IF(G77="Denver Broncos",1,0) -> 1 | H64: =IF(H77="Las Vegas Raiders",1,0) -> 0 | I64: =IF(I77="Pittsburgh Steelers",1,0) -> 1 | J64: =IF(J77="Seattle Seahawks",1,0) -> 1 | K64: =IF(K77="Tampa Bay Buccaneers",1,0) -> 1 | L64: =IF(L77="San Francisco 49ers",1,0) -> 1 | M64: =IF(M77="Buffalo Bills",1,0) -> 0 | N64: =IF(N77="New England Patriots",1,0) -> 1 | O64: =IF(O77="Jacksonville Jaguars",1,0) -> 1 | P64: =IF(P77="Detroit Lions",1,0) -> 0 | Q64: =IF(Q77="Dallas Cowboys",1,0) -> 1 | R64: =IF(R77="Baltimore Ravens",1,0) -> 0 | S64: =IF(S77="Tampa Bay Buccaneers",1,0) -> 0 | T64: =IF(T77="Seattle Seahawks",1,0) -> 1 | U64: =IF(U77="Tampa Bay Buccaneers",1,0) -> 0 | V64: =IF(V77="Washington Commanders",1,0) -> 0 | W64: =IF(W77="Los Angeles Chargers",1,0) -> 0 | X64: =IF(X77="Jacksonville Jaguars",1,0) -> 1 | Y64: =IF(Y77="San Francisco 49ers",1,0) -> 0
A65: Al | B65: PHI | C65: KC | D65: CHI | E65: LAR | F65: BAL | G65: DEN | H65: IND | I65: PIT | J65: HOU | K65: TB | L65: SF | M65: BUF | N65: NE | O65: ARI | P65: DET | Q65: KC | R65: BAL | S65: TB | T65: LAR | U65: TB | V65: WAS | W65: DEN | X65: JAX | Y65: SF | Z65: =SUM(B66:Y66) -> 10 | AC65: =SUM(Z65,AB66) -> 10
B66: =IF(B77="Philadelphia Eagles",1,0) -> 1 | C66: =IF(C77="Kansas City Chiefs",1,0) -> 0 | D66: =IF(D77="Chicago Bears",1,0) -> 0 | E66: =IF(E77="Los Angeles Rams",1,0) -> 1 | F66: =IF(F77="Baltimore Ravens",1,0) -> 0 | G66: =IF(G77="Denver Broncos",1,0) -> 1 | H66: =IF(H77="Indianapolis Colts",1,0) -> 1 | I66: =IF(I77="Pittsburgh Steelers",1,0) -> 1 | J66: =IF(J77="Houston Texans",1,0) -> 0 | K66: =IF(K77="Tampa Bay Buccaneers",1,0) -> 1 | L66: =IF(L77="San Francisco 49ers",1,0) -> 1 | M66: =IF(M77="Buffalo Bills",1,0) -> 0 | N66: =IF(N77="New England Patriots",1,0) -> 1 | O66: =IF(O77="Arizona Cardinals",1,0) -> 0 | P66: =IF(P77="Detroit Lions",1,0) -> 0 | Q66: =IF(Q77="Kansas City Chiefs",1,0) -> 0 | R66: =IF(R77="Baltimore Ravens",1,0) -> 0 | S66: =IF(S77="Tampa Bay Buccaneers",1,0) -> 0 | T66: =IF(T77="Los Angeles Rams",1,0) -> 0 | U66: =IF(U77="Tampa Bay Buccaneers",1,0) -> 0 | V66: =IF(V77="Washington Commanders",1,0) -> 0 | W66: =IF(W77="Denver Broncos",1,0) -> 1 | X66: =IF(X77="Jacksonville Jaguars",1,0) -> 1 | Y66: =IF(Y77="San Francisco 49ers",1,0) -> 0
A67: Kaleb | B67: PHI | C67: LAC | D67: CHI | E67: LAR | F67: BAL | G67: DEN | H67: LV | I67: PIT | J67: HOU | K67: TB | L67: NYG | M67: BUF | N67: NE | O67: ARI | P67: GB | Q67: DAL | R67: BAL | S67: TB | T67: LAR | U67: TB | V67: WAS | W67: DEN | X67: JAX | Y67: SF | Z67: =SUM(B68:Y68) -> 11 | AC67: =SUM(Z67,AB68) -> 11
B68: =IF(B77="Philadelphia Eagles",1,0) -> 1 | C68: =IF(C77="Los Angeles Chargers",1,0) -> 1 | D68: =IF(D77="Chicago Bears",1,0) -> 0 | E68: =IF(E77="Los Angeles Rams",1,0) -> 1 | F68: =IF(F77="Baltimore Ravens",1,0) -> 0 | G68: =IF(G77="Denver Broncos",1,0) -> 1 | H68: =IF(H77="Las Vegas Raiders",1,0) -> 0 | I68: =IF(I77="Pittsburgh Steelers",1,0) -> 1 | J68: =IF(J77="Houston Texans",1,0) -> 0 | K68: =IF(K77="Tampa Bay Buccaneers",1,0) -> 1 | L68: =IF(L77="New York Giants",1,0) -> 0 | M68: =IF(M77="Buffalo Bills",1,0) -> 0 | N68: =IF(N77="New England Patriots",1,0) -> 1 | O68: =IF(O77="Arizona Cardinals",1,0) -> 0 | P68: =IF(P77="Green Bay Packers",1,0) -> 1 | Q68: =IF(Q77="Dallas Cowboys",1,0) -> 1 | R68: =IF(R77="Baltimore Ravens",1,0) -> 0 | S68: =IF(S77="Tampa Bay Buccaneers",1,0) -> 0 | T68: =IF(T77="Los Angeles Rams",1,0) -> 0 | U68: =IF(U77="Tampa Bay Buccaneers",1,0) -> 0 | V68: =IF(V77="Washington Commanders",1,0) -> 0 | W68: =IF(W77="Denver Broncos",1,0) -> 1 | X68: =IF(X77="Jacksonville Jaguars",1,0) -> 1 | Y68: =IF(Y77="San Francisco 49ers",1,0) -> 0
A69: Robyn | B69: PHI | C69: KC | D69: MIN | E69: LAR | F69: BAL | G69: CIN | H69: IND | I69: PIT | J69: HOU | K69: TB | L69: SF | M69: BUF | N69: NYJ | O69: ARI | P69: DET | Q69: KC | R69: BAL | S69: TB | T69: LAR | U69: TB | V69: WAS | W69: DEN | X69: JAX | Y69: SF | Z69: =SUM(B70:Y70) -> 9 | AC69: =SUM(Z69,AB70) -> 9
B70: =IF(B77="Philadelphia Eagles",1,0) -> 1 | C70: =IF(C77="Kansas City Chiefs",1,0) -> 0 | D70: =IF(D77="Minnesota Vikings",1,0) -> 1 | E70: =IF(E77="Los Angeles Rams",1,0) -> 1 | F70: =IF(F77="Baltimore Ravens",1,0) -> 0 | G70: =IF(G77="Cincinnati Bengals",1,0) -> 0 | H70: =IF(H77="Indianapolis Colts",1,0) -> 1 | I70: =IF(I77="Pittsburgh Steelers",1,0) -> 1 | J70: =IF(J77="Houston Texans",1,0) -> 0 | K70: =IF(K77="Tampa Bay Buccaneers",1,0) -> 1 | L70: =IF(L77="San Francisco 49ers",1,0) -> 1 | M70: =IF(M77="Buffalo Bills",1,0) -> 0 | N70: =IF(N77="New York Jets",1,0) -> 0 | O70: =IF(O77="Arizona Cardinals",1,0) -> 0 | P70: =IF(P77="Detroit Lions",1,0) -> 0 | Q70: =IF(Q77="Kansas City Chiefs",1,0) -> 0 | R70: =IF(R77="Baltimore Ravens",1,0) -> 0 | S70: =IF(S77="Tampa Bay Buccaneers",1,0) -> 0 | T70: =IF(T77="Los Angeles Rams",1,0) -> 0 | U70: =IF(U77="Tampa Bay Buccaneers",1,0) -> 0 | V70: =IF(V77="Washington Commanders",1,0) -> 0 | W70: =IF(W77="Denver Broncos",1,0) -> 1 | X70: =IF(X77="Jacksonville Jaguars",1,0) -> 1 | Y70: =IF(Y77="San Francisco 49ers",1,0) -> 0
A71: Kyle | B71: PHI | C71: KC | D71: MIN | E71: LAR | F71: BAL | G71: DEN | H71: LV | I71: PIT | J71: SEA | K71: TB | L71: SF | M71: BUF | N71: NE | O71: JAX | P71: DET | Q71: KC | R71: BAL | S71: TB | T71: SEA | U71: TB | V71: DAL | W71: LAC | X71: TEN | Y71: SEA | Z71: =SUM(B72:Y72) -> 13 | AC71: =SUM(Z71,AB72) -> 13
B72: =IF(B77="Philadelphia Eagles",1,0) -> 1 | C72: =IF(C77="Kansas City Chiefs",1,0) -> 0 | D72: =IF(D77="Minnesota Vikings",1,0) -> 1 | E72: =IF(E77="Los Angeles Rams",1,0) -> 1 | F72: =IF(F77="Baltimore Ravens",1,0) -> 0 | G72: =IF(G77="Denver Broncos",1,0) -> 1 | H72: =IF(H77="Las Vegas Raiders",1,0) -> 0 | I72: =IF(I77="Pittsburgh Steelers",1,0) -> 1 | J72: =IF(J77="Seattle Seahawks",1,0) -> 1 | K72: =IF(K77="Tampa Bay Buccaneers",1,0) -> 1 | L72: =IF(L77="San Francisco 49ers",1,0) -> 1 | M72: =IF(M77="Buffalo Bills",1,0) -> 0 | N72: =IF(N77="New England Patriots",1,0) -> 1 | O72: =IF(O77="Jacksonville Jaguars",1,0) -> 1 | P72: =IF(P77="Detroit Lions",1,0) -> 0 | Q72: =IF(Q77="Kansas City Chiefs",1,0) -> 0 | R72: =IF(R77="Baltimore Ravens",1,0) -> 0 | S72: =IF(S77="Tampa Bay Buccaneers",1,0) -> 0 | T72: =IF(T77="Seattle Seahawks",1,0) -> 1 | U72: =IF(U77="Tampa Bay Buccaneers",1,0) -> 0 | V72: =IF(V77="Dallas Cowboys",1,0) -> 1 | W72: =IF(W77="Los Angeles Chargers",1,0) -> 0 | X72: =IF(X77="Tennessee Titans",1,0) -> 0 | Y72: =IF(Y77="Seattle Seahawks",1,0) -> 1
A73: Dave C | B73: PHI | C73: LAC | D73: MIN | E73: LAR | F73: BAL | G73: DEN | H73: LV | I73: PIT | J73: HOU | K73: TB | L73: SF | M73: BUF | N73: NE | O73: ARI | P73: DET | Q73: KC | R73: BAL | S73: TB | T73: SEA | U73: TB | V73: DAL | W73: LAC | X73: JAX | Y73: SF | Z73: =SUM(B74:Y74) -> 12 | AC73: =SUM(Z73,AB74) -> 12
B74: =IF(B77="Philadelphia Eagles",1,0) -> 1 | C74: =IF(C77="Los Angeles Chargers",1,0) -> 1 | D74: =IF(D77="Minnesota Vikings",1,0) -> 1 | E74: =IF(E77="Los Angeles Rams",1,0) -> 1 | F74: =IF(F77="Baltimore Ravens",1,0) -> 0 | G74: =IF(G77="Denver Broncos",1,0) -> 1 | H74: =IF(H77="Las Vegas Raiders",1,0) -> 0 | I74: =IF(I77="Pittsburgh Steelers",1,0) -> 1 | J74: =IF(J77="Houston Texans",1,0) -> 0 | K74: =IF(K77="Tampa Bay Buccaneers",1,0) -> 1 | L74: =IF(L77="San Francisco 49ers",1,0) -> 1 | M74: =IF(M77="Buffalo Bills",1,0) -> 0 | N74: =IF(N77="New England Patriots",1,0) -> 1 | O74: =IF(O77="Arizona Cardinals",1,0) -> 0 | P74: =IF(P77="Detroit Lions",1,0) -> 0 | Q74: =IF(Q77="Kansas City Chiefs",1,0) -> 0 | R74: =IF(R77="Baltimore Ravens",1,0) -> 0 | S74: =IF(S77="Tampa Bay Buccaneers",1,0) -> 0 | T74: =IF(T77="Seattle Seahawks",1,0) -> 1 | U74: =IF(U77="Tampa Bay Buccaneers",1,0) -> 0 | V74: =IF(V77="Dallas Cowboys",1,0) -> 1 | W74: =IF(W77="Los Angeles Chargers",1,0) -> 0 | X74: =IF(X77="Jacksonville Jaguars",1,0) -> 1 | Y74: =IF(Y77="San Francisco 49ers",1,0) -> 0
A75: Theresa | B75: PHI | C75: LAC | D75: MIN | E75: LAR | F75: BAL | G75: CIN | H75: LV | I75: PIT | J75: HOU | K75: NO | L75: SF | M75: BUF | N75: NE | O75: ARI | P75: DET | Q75: KC | R75: BAL | S75: TB | T75: LAR | U75: TB | V75: WAS | W75: DEN | X75: JAX | Y75: SF | Z75: =SUM(B76:Y76) -> 9 | AC75: =SUM(Z75,AB76) -> 9
B76: =IF(B77="Philadelphia Eagles",1,0) -> 1 | C76: =IF(C77="Los Angeles Chargers",1,0) -> 1 | D76: =IF(D77="Minnesota Vikings",1,0) -> 1 | E76: =IF(E77="Los Angeles Rams",1,0) -> 1 | F76: =IF(F77="Baltimore Ravens",1,0) -> 0 | G76: =IF(G77="Cincinnati Bengals",1,0) -> 0 | H76: =IF(H77="Las Vegas Raiders",1,0) -> 0 | I76: =IF(I77="Pittsburgh Steelers",1,0) -> 1 | J76: =IF(J77="Houston Texans",1,0) -> 0 | K76: =IF(K77="New Orleans Saints",1,0) -> 0 | L76: =IF(L77="San Francisco 49ers",1,0) -> 1 | M76: =IF(M77="Buffalo Bills",1,0) -> 0 | N76: =IF(N77="New England Patriots",1,0) -> 1 | O76: =IF(O77="Arizona Cardinals",1,0) -> 0 | P76: =IF(P77="Detroit Lions",1,0) -> 0 | Q76: =IF(Q77="Kansas City Chiefs",1,0) -> 0 | R76: =IF(R77="Baltimore Ravens",1,0) -> 0 | S76: =IF(S77="Tampa Bay Buccaneers",1,0) -> 0 | T76: =IF(T77="Los Angeles Rams",1,0) -> 0 | U76: =IF(U77="Tampa Bay Buccaneers",1,0) -> 0 | V76: =IF(V77="Washington Commanders",1,0) -> 0 | W76: =IF(W77="Denver Broncos",1,0) -> 1 | X76: =IF(X77="Jacksonville Jaguars",1,0) -> 1 | Y76: =IF(Y77="San Francisco 49ers",1,0) -> 0
A77: Winners | B77: Philadelphia Eagles | C77: Los Angeles Chargers | D77: Minnesota Vikings | E77: Los Angeles Rams | F77: Detroit Lions | G77: Denver Broncos | H77: Indianapolis Colts | I77: Pittsburgh Steelers | J77: Seattle Seahawks | K77: Tampa Bay Buccaneers | L77: San Francisco 49ers | M77: Miami Dolphins | N77: New England Patriots | O77: Jacksonville Jaguars | P77: Green Bay Packers | Q77: Dallas Cowboys | R77: Pittsburgh Steelers | S77: Atlanta Falcons | T77: Seattle Seahawks | U77: Carolina Panthers | V77: Dallas Cowboys | W77: Denver Broncos | X77: Jacksonville Jaguars | Y77: Seattle Seahawks
A82: NAME | B82: Divisional winners (2 pts each) | L82: Wildcard teams (3 pts each) | T82: Superbowl (3 pts) | X82: Superbowl Champ (4 pts) | AE82: Playoffs Total | AG82: Regular Season Total | AI82: TOTALITY | AL82: Max Score
B83: AFC | G83: NFC | L83: AFC | P83: NFC | T83: AFC | V83: NFC | AR83: Notes
B84: E | C84: N | D84: S | E84: W | G84: E | H84: N | I84: S | J84: W | AB84: PR | AC84: TPR
A85: Denise | B85: BUF | C85: BAL | D85: TEN | E85: LV | G85: PHI | H85: DET | I85: TB | J85: SF | L85: DEN | M85: CIN | N85: LAC | P85: DET | Q85: LAR | R85: DAL | T85: KC | V85: PHI | X85: KC | AE85: =SUM(B86,C86,D86,E86,G86,H86,I86,J86,L86,M86,N86,P86,Q86,R86,T86,V86,X86) -> 8 | AG85: =Z57 -> 8 | AI85: =SUM(AE85,AG85) -> 16 | AM85: =SUM(AC86,AI85) -> 16 | AR85: DONE - 16
B86: X | C86: X | D86: X | E86: X | G86: 2 | H86: X | I86: X | J86: X | K86: 0 | L86: X | M86: X | N86: 3 | O86: 0 | P86: X | Q86: 3 | R86: X | S86: 0 | T86: X | V86: X | X86: X | AA86: 0 | AB86: =SUM(K86,O86,S86,AA86) -> 0 | AC86: =SUM(AB58,AB86) -> 0
A87: Frank | B87: MIA | C87: BAL | D87: HOU | E87: KC | G87: PHI | H87: GB | I87: TB | J87: SF | L87: BUF | M87: LAC | N87: PIT | P87: DET | Q87: LAR | R87: SEA | T87: KC | V87: SF | X87: SF | AE87: =SUM(B88,C88,D88,E88,G88,H88,I88,J88,L88,M88,N88,P88,Q88,R88,T88,V88,X88) -> 11 | AG87: =Z59 -> 10 | AI87: =SUM(AE87,AG87) -> 21 | AM87: =SUM(AC88,AI87) -> 21
B88: X | C88: X | D88: X | E88: X | G88: 2 | H88: X | I88: X | J88: X | K88: 0 | L88: 3 | M88: 3 | N88: X | O88: 0 | P88: X | Q88: 3 | R88: X | S88: 0 | T88: X | V88: X | X88: X | AA88: 0 | AB88: =SUM(K88,O88,S88,AA88) -> 0 | AC88: =SUM(AB60,AB88) -> 0
A89: Tom C | B89: BUF | C89: BAL | D89: HOU | E89: KC | G89: PHI | H89: DET | I89: TB | J89: SF | L89: LV | M89: LAC | N89: PIT | P89: LAR | Q89: GB | R89: MIN | T89: BUF | V89: PHI | X89: BUF | AE89: =SUM(B90,C90,D90,E90,G90,H90,I90,J90,L90,M90,N90,P90,Q90,R90,T90,V90,X90) -> 11 | AG89: =Z61 -> 7 | AI89: =SUM(AE89,AG89) -> 18 | AM89: =SUM(AC90,AI89) -> 18
B90: X | C90: X | D90: X | E90: X | G90: 2 | H90: X | I90: X | J90: X | K90: 0 | L90: X | M90: 3 | N90: X | O90: 0 | P90: 3 | Q90: 3 | R90: X | S90: 0 | T90: X | V90: X | X90: X | AA90: 0 | AB90: =SUM(K90,O90,S90,AA90) -> 0 | AC90: =SUM(AB62,AB90) -> 0
A91: Carrie | B91: BUF | C91: CIN | D91: JAX | E91: KC | G91: PHI | H91: DET | I91: TB | J91: SEA | L91: PIT | M91: LAC | N91: BAL | P91: MIN | Q91: WAS | R91: SF | T91: BUF | V91: DET | X91: BUF | AE91: =SUM(B92,C92,D92,E92,G92,H92,I92,J92,L92,M92,N92,P92,Q92,R92,T92,V92,X92) -> 12 | AG91: =Z63 -> 15 | AI91: =SUM(AE91,AG91) -> 27 | AM91: =SUM(AC92,AI91) -> 27 | AR91: 2ND PLACE
B92: X | C92: X | D92: 2 | E92: X | G92: 2 | H92: X | I92: X | J92: 2 | K92: 0 | L92: X | M92: 3 | N92: X | O92: 0 | P92: X | Q92: X | R92: 3 | S92: 0 | T92: X | V92: X | X92: X | AA92: 0 | AB92: =SUM(K92,O92,S92,AA92) -> 0 | AC92: =SUM(AB64,AB92) -> 0
A93: AL | B93: BUF | C93: BAL | D93: HOU | E93: KC | G93: PHI | H93: DET | I93: TB | J93: SF | L93: PIT | M93: DEN | N93: LAC | P93: WAS | Q93: GB | R93: LAR | T93: BAL | V93: PHI | X93: BAL | AE93: =SUM(B94,C94,D94,E94,G94,H94,I94,J94,L94,M94,N94,P94,Q94,R94,T94,V94,X94) -> 11 | AG93: =Z65 -> 10 | AI93: =SUM(AE93,AG93) -> 21 | AM93: =SUM(AC94,AI93) -> 21 | AR93: DONE - 21
B94: X | C94: X | D94: X | E94: X | G94: 2 | H94: X | I94: X | J94: X | K94: 0 | L94: X | M94: X | N94: 3 | O94: 0 | P94: X | Q94: 3 | R94: 3 | S94: 0 | T94: X | V94: X | X94: X | AA94: 0 | AB94: =SUM(K94,O94,S94,AA94) -> 0 | AC94: =SUM(AB66,AB94) -> 0
A95: Kaleb | B95: BUF | C95: BAL | D95: HOU | E95: DEN | G95: PHI | H95: GB | I95: TB | J95: LAR | L95: CIN | M95: PIT | N95: KC | P95: WAS | Q95: DET | R95: SF | T95: BUF | V95: LAR | X95: BUF | AE95: =SUM(B96,C96,D96,E96,G96,H96,I96,J96,L96,M96,N96,P96,Q96,R96,T96,V96,X96) -> 7 | AG95: =Z67 -> 11 | AI95: =SUM(AE95,AG95) -> 18 | AM95: =SUM(AC96,AI95) -> 21 | AR95: Eliminated, not done
B96: X | C96: X | D96: X | E96: 2 | G96: 2 | H96: X | I96: X | J96: X | K96: 0 | L96: X | M96: X | N96: X | O96: 0 | P96: X | Q96: X | R96: 3 | S96: 0 | T96: X | X96: X | AA96: 3 | AB96: =SUM(K96,O96,S96,AA96) -> 3 | AC96: =SUM(AB68,AB96) -> 3
A97: Robyn | B97: BUF | C97: BAL | D97: HOU | E97: KC | G97: PHI | H97: DET | I97: TB | J97: SF | L97: CIN | M97: JAX | N97: DEN | P97: ATL | Q97: LAR | R97: GB | T97: KC | V97: SF | X97: SF | AE97: =SUM(B98,C98,D98,E98,G98,H98,I98,J98,L98,M98,N98,P98,Q98,R98,T98,V98,X98) -> 8 | AG97: =Z69 -> 9 | AI97: =SUM(AE97,AG97) -> 17 | AM97: =SUM(AC98,AI97) -> 17
B98: X | C98: X | D98: X | E98: X | G98: 2 | H98: X | I98: X | J98: X | K98: 0 | L98: X | M98: X | N98: X | O98: 0 | P98: X | Q98: 3 | R98: 3 | S98: 0 | T98: X | V98: X | X98: X | AA98: 0 | AB98: =SUM(K98,O98,S98,AA98) -> 0 | AC98: =SUM(AB70,AB98) -> 0
A99: Kyle | B99: BUF | C99: BAL | D99: HOU | E99: KC | G99: PHI | H99: GB | I99: TB | J99: SEA | L99: CIN | M99: LAC | N99: NE | P99: WAS | Q99: DET | R99: LAR | T99: BUF | V99: PHI | X99: BUF | AE99: =SUM(B100,C100,D100,E100,G100,H100,I100,J100,L100,M100,N100,P100,Q100,R100,T100,V100,X100) -> 10 | AG99: =Z71 -> 13 | AI99: =SUM(AE99,AG99) -> 23 | AM99: =SUM(AC100,AI99) -> 23 | AR99: KYLE - 35
B100: X | C100: X | D100: X | E100: X | G100: 2 | H100: X | I100: X | J100: 2 | K100: 0 | L100: X | M100: 3 | N100: X | O100: 0 | P100: X | Q100: X | R100: 3 | S100: 0 | T100: X | V100: X | X100: X | AA100: 0 | AB100: =SUM(K100,O100,S100,AA100) -> 0 | AC100: =SUM(AB72,AB100) -> 0
A101: Dave C | B101: BUF | C101: BAL | D101: HOU | E101: KC | G101: PHI | H101: DET | I101: TB | J101: SF | L101: CIN | M101: LAC | N101: MIA | P101: GB | Q101: LAR | R101: DAL | T101: BAL | V101: SF | X101: SF | AE101: =SUM(B102,C102,D102,E102,G102,H102,I102,J102,L102,M102,N102,P102,Q102,R102,T102,V102,X102) -> 11 | AG101: =Z73 -> 12 | AI101: =SUM(AE101,AG101) -> 23 | AM101: =SUM(AC102,AI101) -> 23 | AR101: DAVE C - 35
B102: X | C102: X | D102: X | E102: X | G102: 2 | H102: X | I102: X | J102: X | K102: 0 | L102: X | M102: 3 | N102: X | O102: 0 | P102: 3 | Q102: 3 | R102: X | S102: 0 | T102: X | V102: X | X102: X | AA102: 0 | AB102: =SUM(K102,O102,S102,AA102) -> 0 | AC102: =SUM(AB74,AB102) -> 0
A103: Theresa | B103: BUF | C103: CIN | D103: HOU | E103: LV | G103: PHI | H103: GB | I103: TB | J103: SF | L103: BAL | M103: LV | N103: KC | P103: SEA | Q103: DET | R103: MIN | T103: BUF | V103: SF | X103: SF | AE103: =SUM(B104,C104,D104,E104,G104,H104,I104,J104,L104,M104,N104,P104,Q104,R104,T104,V104,X104) -> 2 | AG103: =Z75 -> 9 | AI103: =SUM(AE103,AG103) -> 11 | AM103: =SUM(AC104,AI103) -> 11
B104: X | C104: X | D104: X | E104: X | G104: 2 | H104: X | I104: X | J104: X | K104: 0 | L104: X | M104: X | N104: X | O104: 0 | P104: X | Q104: X | R104: X | S104: 0 | T104: X | V104: X | X104: X | AA104: 0 | AB104: =SUM(K104,O104,S104,AA104) -> 0 | AC104: =SUM(AB76,AB104) -> 0
L105: lac | M105: 7 | N105: buf | O105: 1 | P105: lar | Q105: 7 | R105: gb | S105: 4
L106: hou | M106: 0 | P106: sf | Q106: 2
A107: Name | D107: SEPT | I107: OCT | N107: NOV | T107: DEC | X107: JAN | Z107: Totals
...

Sheet team names
A1: full team names to be used for winners on rows 25, 74, and 123 on main | B1: Eliminated
A2: Arizona Cardinals | B2: 1
A3: Atlanta Falcons | B3: 1
A4: Baltimore Ravens
A5: Buffalo Bills
A6: Carolina Panthers
A7: Chicago Bears
A8: Cincinnati Bengals | B8: 1
A9: Cleveland Browns | B9: 1
A10: Dallas Cowboys | B10: 1
A11: Denver Broncos
A12: Detroit Lions | B12: 1
A13: Green Bay Packers
A14: Houston Texans
A15: Indianapolis Colts | B15: 1
A16: Jacksonville Jaguars
A17: Kansas City Chiefs | B17: 1
A18: Las Vegas Raiders | B18: 1
A19: Los Angeles Chargers
A20: Los Angeles Rams
A21: Miami Dolphins | B21: 1
A22: Minnesota Vikings | B22: 1
A23: New England Patriots
A24: New Orleans Saints | B24: 1
A25: New York Giants | B25: 1
A26: New York Jets | B26: 1
A27: Philadelphia Eagles
A28: Pittsburgh Steelers
A29: San Francisco 49ers
A30: Seattle Seahawks
A31: Tampa Bay Buccaneers
A32: Tennessee Titans | B32: 1
A33: Washington Commanders | B33: 1
B34: =SUM(B2:B33) -> 16
